year,week,total.specimens,percent.positive,cough_medicine,flu_clinic,flu_shot,flu_vaccine,flu,influenza,oseltamivir,relenza,tamiflu,zanamivir,flu_symptoms,median_tmax,median_tmin,median_t,total_prcp,humidity,vac_num,vac_effectiveness,all_rate,rate_0_4,rate_5_17,rate_18_49,rate_50_64,rate_65_plus,celcius_median_t,absolute_humidity
2010,40,54,0,55.125,120.7180851,85.20710059,44.61538462,17.79069767,35,18,0,3.333333333,0,4.615384615,63,50,56.5,0.61,80,130.9,60,0,0,0,0,0,0,13.61111111,9.417645827
2010,41,57,1.75,55.125,165.6914894,47.92899408,55.38461538,20.75581395,29,18,0,3.333333333,0,4.615384615,64,44,54,1.1,65,130.9,60,0,0,0,0,0,0,12.22222222,7.021040422
2010,42,71,1.41,81.15625,80.4787234,76.33136095,32.30769231,16.80232558,14,18,0,2,0,7.692307692,61,40,50.5,0.04,61,130.9,60,0,0,0,0,0,0,10.27777778,5.831757408
2010,43,77,2.6,53.59375,89,53.25443787,64.61538462,14.8255814,14,90,0,2,0,4.615384615,71,49,60,0.14,65,130.9,60,0.1,0,0,0,0,0.4,15.55555556,8.617508052
2010,44,68,0,49,78.11170213,37.27810651,63.07692308,14.8255814,28,18,0,3.333333333,0,8.461538462,52,36,44,1.3,69,130.9,60,0.1,0,0,0.1,0,0,6.666666667,5.231197912
2010,45,64,1.56,18,0,53.97590361,19,14.56,14.22222222,0,0,2,0,12.63157895,56,35,45.5,0.4,62,130.9,60,0,0,0,0,0,0,7.5,4.961938226
2010,46,84,3.57,17.48571429,0,42.1686747,19,15.6,14.22222222,0,0,2,0,10,55,43,49,1.32,64,130.9,60,0.2,0,0,0,0.8,0,9.444444444,5.803234359
2010,47,79,2.53,19.54285714,0,21.92771084,20.35714286,13.52,15.23809524,0,0,2,0,12.63157895,48,33,40.5,0.16,54,130.9,60,0.1,0,0,0,0.5,0,4.722222222,3.602983069
2010,48,97,3.09,16.97142857,0,21.92771084,17.64285714,8.32,20.31746032,0,0,2,0,14.73684211,46,29,37.5,0.9,60,130.9,60,0.1,0,0,0,0,0.7,3.055555556,3.582157699
2010,49,112,20.54,69.63562753,0,23.44186047,22,10.47619048,12.38095238,0,0,1.882352941,0,4.413793103,34,23,28.5,0,54,130.9,60,0.2,0,0,0,0.8,0.4,-1.944444444,2.287939291
2010,50,110,19.09,47.35222672,0,9.11627907,62.85714286,7.619047619,32.38095238,0,0,1,0,8.827586207,36,18,27,1.8,59,130.9,60,0.4,0,0,0.1,0.5,1.4,-2.777777778,2.357542771
2010,51,143,31.47,55.01214575,0,16.93023256,25.14285714,9.523809524,15.23809524,0,0,1,0,3.310344828,36,26,31,0,54,130.9,60,0.8,0.9,0,0.6,0.5,2.5,-0.555555556,2.52029059
2010,52,208,49.04,43,0,6.511627907,22,12.38095238,15,0,0,2.117647059,0,15.44827586,37,22,29.5,0.16,56.5,130.9,60,1.9,1.9,0.3,0.7,0.5,9.3,-1.388888889,2.488634745
2011,1,273,45.05,76.5,12,22.22222222,28.33333333,15.71428571,17.88617886,0,0,10,0,10.98039216,36,23,29.5,0.17,62,130.9,60,2,0,0.3,0.9,2.3,7.5,-1.388888889,2.730891225
2011,2,265,38.49,51,12,9.722222222,28.33333333,12.34693878,21.95121951,0,0,4,0,17.84313725,30,19,24.5,0.54,56,130.9,60,1.5,3.7,0.3,0.5,0.8,5.7,-4.166666667,2.027613057
2011,3,276,51.09,51,12,4.166666667,17,8.979591837,32.5203252,0,0,4,0,6.862745098,31,19,25,0.75,77,130.9,60,1.6,1.9,0.3,1.2,1,4.6,-3.888888889,2.843745562
2011,4,239,41.84,76.5,12,5.555555556,28.33333333,11.2244898,21.13821138,0,0,5,0,21.96078431,31,10,20.5,0.5,79,130.9,60,1.6,3.7,0,0.5,0.8,6.8,-6.388888889,2.43699012
2011,5,287,45.99,51,60,8.333333333,17,6.734693878,6.504065041,0,0,5,0,12.35294118,28,14,21,1.05,78,130.9,60,2.5,4.7,0.6,1.2,1.8,8.9,-6.111111111,2.455222519
2011,6,291,42.96,21.28104575,13,3.2,7,11.42857143,6.260869565,0,0,6.315789474,0,13.53846154,35,13,24,0.26,44,130.9,60,2.1,1.9,0.3,1.3,1.3,7.5,-4.444444444,1.561802804
2011,7,404,48.27,31.92156863,13,6.4,14,7.619047619,4.52173913,0,0,6.315789474,0,15.79487179,51,23,37,0,38,130.9,60,2.7,0,0,1.5,2.3,11,2.777777778,2.226720882
2011,8,363,49.59,32.88888889,13,3.2,14,9.523809524,9.391304348,0,0,5.052631579,0,7.897435897,38,15,26.5,1.53,69,130.9,60,2.9,2.8,0.3,1.7,2.8,9.6,-3.055555556,2.703555373
2011,9,326,42.02,61.90849673,13,3.2,7,11.42857143,11.82608696,0,0,6.315789474,0,6.769230769,42,25,33.5,0.79,45,130.9,60,2.5,0.9,1.5,0.9,3.8,7.1,0.833333333,2.310915085
2011,10,322,36.34,33.18857143,0,4,10,10.8,51.42857143,0,100,10.90909091,0,12.70588235,49,34,41.5,3.37,60,130.9,60,2.6,0.9,0.3,1.5,1.8,10.7,5.277777778,4.153013512
2011,11,316,31.65,11.56571429,0,4,10,8.4,29.77443609,0,100,5.818181818,0,9.529411765,47,30,38.5,0.39,33,130.9,60,2.4,0,0.3,1.5,2,8.9,3.611111111,2.044907104
2011,12,297,25.25,21.62285714,0,4,20,9.6,15.33834586,0,100,7.272727273,0,6.352941176,44,31,37.5,0.19,53,130.9,60,1,3.7,0.3,0.1,1,3.2,3.055555556,3.164239301
2011,13,250,21.6,21.62285714,0,4,20,7.2,23.45864662,0,100,6,0,7.411764706,47,32,39.5,0.4,41,130.9,60,1,0,0.6,0.4,1,3.9,4.166666667,2.63654387
2011,14,188,18.62,35,13,2.666666667,11,8.347826087,10.63636364,0,0,18.66666667,0,7,57,36,46.5,0.31,61,130.9,60,0.7,0.9,0.3,0.2,1,1.8,8.055555556,5.06025127
2011,15,162,14.81,33.40909091,13,2.666666667,44,8.347826087,26,0,0,9.333333333,0,9.8,61,42,51.5,2.22,72.5,130.9,60,0.6,0,0.3,0.1,0.5,2.5,10.83333333,7.178621354
2011,16,147,14.97,36.59090909,13,2,11,3.130434783,13,0,0,7,0,4.2,56,43,49.5,1.22,73,130.9,60,0.6,1.9,0.9,0.1,0,2.1,9.722222222,6.737366053
2011,17,146,6.16,35,52,2.666666667,11,4.173913043,15.36363636,0,0,7,0,7,72,55,63.5,0.22,74,130.9,60,0.2,0,0,0.1,0,1.1,17.5,11.02866462
2011,18,123,0.81,19.34065934,13,2,0,4.545454545,18.28125,0,0,1,100,1.666666667,70,43,56.5,0.43,65,130.9,60,0.2,0,0,0.1,0,1.1,13.61111111,7.651837235
2011,19,115,0,16,13,10,0,5.454545455,19.6875,0,0,1,100,5,72,52,62,0.11,62,130.9,60,0.2,0,0,0.1,0,1.1,16.66666667,8.790177266
2011,20,132,0,19.34065934,65,2,0,2.727272727,12.65625,0,0,5,100,2.5,68,53,60.5,2.73,81,130.9,60,0.2,0,0,0.1,0,1.1,15.83333333,10.92098743
2011,21,118,2.54,20.21978022,13,2,0,3.636363636,12.65625,0,0,1,100,2.5,81,57,69,0.29,77,130.9,60,0.2,0,0,0.1,0,1.1,20.55555556,13.74316014
2011,22,130,0,21.0989011,13,2,0,3.636363636,26.71875,0,0,1,100,3.333333333,84,66,75,0.74,51,130.9,60,0.2,0,0,0.1,0,1.1,23.88888889,11.02766224
2011,23,94,0,18.80291971,0,0,0,4.8,6,0,0,0,0,2.181818182,86,61,73.5,1.94,71,130.9,60,0.2,0,0,0.1,0,1.1,23.05555556,14.64009692
2011,24,104,0,54.77372263,0,0,0,2.4,6,0,0,0,0,1.454545455,75,57,66,1.86,71,130.9,60,0.2,0,0,0.1,0,1.1,18.88888889,11.49147822
2011,25,108,0,17.98540146,0,0,0,2.4,18,0,0,0,0,1.454545455,81,59,70,1.6,77,130.9,60,0.2,0,0,0.1,0,1.1,21.11111111,14.1946058
2011,26,108,0,20.4379562,0,0,0,2.4,10,0,0,0,0,2.909090909,83,64,73.5,0.03,61,130.9,60,0.2,0,0,0.1,0,1.1,23.05555556,12.57811144
2011,27,108,0,8,0,0,32.75862069,1,3.797468354,0,0,0,0,3.333333333,88,67,77.5,0.73,66,130.9,60,0.2,0,0,0.1,0,1.1,25.27777778,15.4362998
2011,28,14,0,8,0,0,32.75862069,3,6,0,0,0,0,1.666666667,89,63,76,0.06,48,130.9,60,0.2,0,0,0.1,0,1.1,24.44444444,10.71106619
2011,29,14,0,20,0,0,19,3,7.215189873,0,0,0,0,2.5,92,72,82,0.01,62,130.9,60,0.2,0,0,0.1,0,1.1,27.77777778,16.66623732
2011,30,14,0,20,0,0,29.48275862,1,8.734177215,0,0,0,0,2,85,67,76,0.6,70,130.9,60,0.2,0,0,0.1,0,1.1,24.44444444,15.62030486
2011,31,14,0,8,0,0,19,2,10.25316456,0,0,0,0,2.5,87,68,77.5,0.62,71,130.9,60,0.2,0,0,0.1,0,1.1,25.27777778,16.60571646
2011,32,14,0,16.35555556,0,2.666666667,9,2.133333333,14.25454545,0,0,1,0,2.285714286,84,68,76,1.92,76,130.9,60,0.2,0,0,0.1,0,1.1,24.44444444,16.95918814
2011,33,14,0,8,0,2.666666667,9.257142857,4.266666667,18.32727273,0,0,1,0,2.285714286,84,65,74.5,1.34,76,130.9,60,0.2,0,0,0.1,0,1.1,23.61111111,16.17579915
2011,34,14,0,15.64444444,0,3.555555556,26.74285714,6.4,13.23636364,0,0,4,0,3.428571429,81,66,73.5,1.34,75,130.9,60,0.2,0,0,0.1,0,1.1,23.05555556,15.46489111
2011,35,14,0,8,0,7.111111111,9,3.2,10.18181818,0,0,1,0,2,82,60,71,3.14,66,130.9,60,0.2,0,0,0.1,0,1.1,21.66666667,12.56471285
2011,36,14,0,22,24,5.835294118,38.04878049,5.5,24.96,0,100,1,0,5.25,82,61,71.5,3.53,80,130.9,60,0.2,0,0,0.1,0,1.1,21.94444444,15.47618756
2011,37,14,0,29.65217391,24.61538462,35.01176471,17.56097561,9.9,7.68,0,100,1,0,5.25,79,59,69,0.01,62,130.9,60,0.2,0,0,0.1,0,1.1,20.55555556,11.06592115
2011,38,14,0,39.2173913,48,37.92941176,23.41463415,13.2,24,0,100,1,0,7,75,58,66.5,1.57,80,130.9,60,0.2,0,0,0.1,0,1.1,19.16666667,13.16212144
2011,39,10,0,19.13043478,23.38461538,45.22352941,40.97560976,15.4,15.36,0,100,1,0,10.5,79,66,72.5,1.41,80,130.9,60,0.2,0,0,0.1,0,1.1,22.5,15.97900246
2011,40,10,0,50.22346369,16.50943396,81.72972973,82.24137931,20.25,11.73913043,0,0,3,0,8.870967742,67,46,56.5,0.72,76,132.1,47,0.2,0,0,0.1,0.5,0,13.61111111,8.946763536
2011,41,11,9.09,16.20111732,23.11320755,68.10810811,36.55172414,15.75,18,0,0,3,0,8.870967742,72,54,63,2.16,81,132.1,47,0,0,0,0,0,0,17.22222222,11.8730883
2011,42,11,9.09,32.40223464,32.19339623,61.2972973,43.86206897,20.25,31.30434783,0,0,3,0,10.64516129,66,52,59,0.85,69,132.1,47,0,0,0,0,0,0,15,8.844061018
2011,43,11,9.09,25.11173184,82.54716981,64.7027027,45.68965517,19.125,16.63043478,0,0,3,0,8.870967742,53,38,45.5,1.73,76,132.1,47,0,0,0,0,0,0,7.5,6.08237589
2011,44,97,0,21.06145251,20.63679245,39.16216216,56.65517241,14.625,30.32608696,0,0,15,0,17.74193548,52,29,40.5,0,79,132.1,47,0.1,0,0,0,0,0.4,4.722222222,5.271030785
2011,45,138,0,40,38.95,30.37288136,36,11.25581395,18.07058824,0,0,3,0,7.111111111,61,38,49.5,0.54,67.5,132.1,47,0,0,0,0,0,0,9.722222222,6.229756282
2011,46,123,0,38.66666667,38.95,24.6779661,36,11.25581395,12.04705882,0,0,2.666666667,0,5.333333333,58,37,47.5,0.83,55,132.1,47,0,0,0,0,0,0,8.611111111,4.728427722
2011,47,124,0,26,86.1,30.37288136,13.5,10.23255814,13.55294118,0,0,3.333333333,0,7.111111111,55,38,46.5,1.34,66,132.1,47,0,0,0,0,0,0,8.055555556,5.475025965
2011,48,128,0,25.33333333,41,26.57627119,34.5,11.25581395,20.32941176,0,0,6,0,12.44444444,55,33.5,44.25,0.87,56,132.1,47,0,0,0,0,0,0,6.805555556,4.284194914
2011,49,144,0,16.88888889,22,23.77142857,32.34042553,9.529411765,37.4,0,0,1,0,6.153846154,51,30,40.5,3.02,56,132.1,47,0.1,0,0,0,0,0.4,4.722222222,0.200165726
2011,50,153,0,16.88888889,22,20.11428571,11.91489362,8.470588235,33,0,0,1,0,12.30769231,47,27,37,0.05,57,132.1,47,0,0,0,0,0,0,2.777777778,3.340081323
2011,51,164,0,17.77777778,11,14.62857143,13.61702128,7.411764706,17.6,0,0,4,0,9.230769231,47,32,39.5,0.68,59,132.1,47,0,0,0,0,0,0,4.166666667,3.794050935
2011,52,163,0.61,28.44444444,11,5.485714286,22.12765957,10.58823529,22,0,0,1,0,12.30769231,43,25,34,0.81,63,132.1,47,0.1,0,0,0,0,0.4,1.111111111,3.297286688
2012,1,197,0,39.6484375,10,11.42857143,8.085106383,9,4.16,0,0,1.666666667,0,11.89189189,50,27,38.5,0.08,41,132.1,47,0.1,0,0,0,0.2,0,3.611111111,2.54064216
2012,2,205,0.98,49.21875,10,7.142857143,2.978723404,9,13.52,0,0,1,0,10.81081081,44,28,36,0.8,52,132.1,47,0.1,0,0,0,0,0.7,2.222222222,2.93498806
2012,3,204,0.98,35,10,8.571428571,2.978723404,9,15.08,0,0,1.666666667,0,2.162162162,32,17,24.5,0.34,62,132.1,47,0.1,0,0,0,0,0.4,-4.166666667,2.244857313
2012,4,222,2.25,36.9140625,10,5.714285714,2.978723404,10.125,15.08,0,0,1.666666667,0,9.72972973,44,34,39,0.82,65,132.1,47,0,0,0,0,0,0,3.888888889,4.103250735
2012,5,127,3.94,49.21875,10,7.142857143,2.978723404,7.875,17.16,0,0,1,0,5.405405405,45,30,37.5,0,45,132.1,47,0.1,0,0,0.1,0,0,3.055555556,2.686618274
2012,6,177,2.26,18.82352941,11,2.133333333,16,7.179487179,38.4950495,9,88,8,0,7.2,47,25,36,0,43,132.1,47,0.1,0,0,0.1,0,0,2.222222222,2.427009357
2012,7,177,2.82,36.60130719,11,6.4,17.92,12.30769231,29.94059406,9,352,2,0,5.76,44,28,36,0.11,52,132.1,47,0.1,0,0,0,0.2,0.4,2.222222222,2.93498806
2012,8,158,2.53,57.51633987,11,5.333333333,17.92,13.33333333,16.03960396,9,88,2,0,8.64,45,32,38.5,0.55,58,132.1,47,0.2,0,0,0.1,0,0.7,3.611111111,3.594079153
2012,9,192,5.21,47.05882353,44,2.133333333,28.16,7.179487179,23.52475248,9,88,2,0,14.4,42,27,34.5,0.97,79,132.1,47,0.4,0,0,0,0,2.5,1.388888889,4.213749174
2012,10,186,9.14,26.35294118,0,7.111111111,15,6,15.17241379,0,87,3,0,11.52941176,45,32,38.5,0.13,41.5,132.1,47,0.7,0.9,0.3,0.4,0.5,2.5,3.611111111,2.571625601
2012,11,187,16.04,17.88235294,0,4,20.86956522,8.4,19.2183908,0,87,3,0,6.588235294,59,41,50,0.04,68.5,132.1,47,1.5,0.9,0.3,1.2,1,4.2,10,6.434542334
2012,12,226,20.8,17.88235294,0,5.333333333,20.86956522,4.8,27.31034483,0,87,3,0,3.294117647,74,50,62,0,65,132.1,47,0.9,0.9,0.6,0.6,0.7,2.1,16.66666667,9.215508424
2012,13,180,15.56,17.88235294,0,3.555555556,18.26086957,4.8,26.29885057,0,348,3,0,6.588235294,53,37,45,0.31,54,132.1,47,0.7,0,0.3,0.6,1,1.4,7.222222222,4.244587062
2012,14,183,15.85,23.75,0,3,5,6.923076923,9.065934066,10,0,1.904761905,0,13.61111111,56,33,44.5,0.1,25.5,132.1,47,1.3,0.9,0.3,0.5,1.7,4.6,6.944444444,1.968548045
2012,15,234,20.51,73.75,0,4,6.666666667,8.076923077,7.252747253,10,0,2,0,9.722222222,61,41,51,0.07,40,132.1,47,1.8,0.9,0,0.5,2,7.4,10.55555556,3.891839336
2012,16,220,20,24,0,3,6.666666667,5.769230769,9.67032967,10,0,4.285714286,0,3.888888889,75,55,65,0.01,60,132.1,47,1.1,0,0,0.4,1.2,4.9,18.33333333,9.396915587
2012,17,195,16.41,22.5,0,2,5,4.615384615,9.065934066,10,0,1.904761905,0,5.833333333,60,41,50.5,2.72,59,132.1,47,0.9,0,0,0.5,0.2,4.2,10.27777778,5.640552247
2012,18,151,13.25,24,0,2,11.66666667,4.615384615,19.94505495,10,0,1.904761905,0,1.944444444,61,48,54.5,0.71,76,132.1,47,0.9,0,0,0.5,0.2,4.2,12.5,8.352336902
2012,19,157,3.82,15.56756757,0,6.545454545,6.533333333,4.266666667,27.86666667,9,0,4,0,7.384615385,68,49,58.5,0.78,62.5,132.1,47,0.9,0,0,0.5,0.2,4.2,14.72222222,7.876357076
2012,20,189,5.29,16,0,3,14,4.266666667,13.93333333,9,0,4,0,2.461538462,73,53,63,0.85,68,132.1,47,0.9,0,0,0.5,0.2,4.2,17.22222222,9.967530921
2012,21,124,5.65,32,0,2.181818182,7,3.2,13.93333333,9,0,2,0,3.692307692,78,60,69,0.49,80,132.1,47,0.9,0,0,0.5,0.2,4.2,20.55555556,14.27860794
2012,22,145,4.83,16.43243243,0,3.272727273,7.466666667,4.266666667,20.26666667,9,0,2,0,2.461538462,80,63,71.5,2.17,72,132.1,47,0.9,0,0,0.5,0.2,4.2,21.94444444,13.92856881
2012,23,120,0.83,40.72727273,0,1,5,4.923076923,18.70769231,0,0,0,0,5.333333333,76,53,64.5,0.22,67,132.1,47,0.9,0,0,0.5,0.2,4.2,18.05555556,10.32152005
2012,24,121,0,24,0,3,20,4.923076923,22.64615385,0,0,0,0,4,77,60,68.5,0.86,71,132.1,47,0.9,0,0,0.5,0.2,4.2,20.27777778,12.46846468
2012,25,102,0.98,27.63636364,0,1,5,3.692307692,14.76923077,0,0,0,0,2.666666667,86,64,75,1.34,64,132.1,47,0.9,0,0,0.5,0.2,4.2,23.88888889,13.83863497
2012,26,112,0,27.63636364,0,1,5,2.461538462,7.876923077,0,0,0,0,4,84,61,72.5,0.63,53,132.1,47,0.9,0,0,0.5,0.2,4.2,22.5,10.58608913
2012,27,107,0,10,11,17.5,13.33333333,4,20.51282051,0,0,0,0,1.25,90,68,79,0.27,53,132.1,47,0.9,0,0,0.5,0.2,4.2,26.11111111,12.9883106
2012,28,98,1.02,10,11,5,4,3,10.25641026,0,0,0,0,1.25,89,66,77.5,0,52.5,132.1,47,0.9,0,0,0.5,0.2,4.2,25.27777778,12.27887484
2012,29,88,0,16.66666667,11,5,4,1,10,0,0,0,0,1.25,87,70,78.5,0.7,62,132.1,47,0.9,0,0,0.5,0.2,4.2,25.83333333,14.95972844
2012,30,100,0,8.333333333,11,5,4,3,8.974358974,0,0,0,0,1,85,68,76.5,2.49,72,132.1,47,0.9,0,0,0.5,0.2,4.2,24.72222222,16.32078765
2012,31,121,0,25,11,7.5,6.666666667,4,10.25641026,0,0,0,0,1.25,84,66,75,0.49,77,132.1,47,0.9,0,0,0.5,0.2,4.2,23.88888889,16.64960769
2012,32,99,0,52,11,6,9.043478261,6.666666667,8,0,0,1,0,2.4,85,71,78,3.18,75,132.1,47,0.9,0,0,0.5,0.2,4.2,25.55555556,17.81698126
2012,33,111,0.9,26,11,6,16.95652174,4,5.333333333,0,0,1,0,3.6,85,65,75,1.28,71,132.1,47,0.9,0,0,0.5,0.2,4.2,23.88888889,15.35223567
2012,34,107,0,26,11,10,13,5.333333333,10.66666667,0,0,1,0,2.4,83,63,73,0,69,132.1,47,0.9,0,0,0.5,0.2,4.2,22.77777778,14.00326076
2012,35,98,1.02,52,44,10,26,8,6,0,0,1,0,3.6,86,61,73.5,0.19,61,132.1,47,0.9,0,0,0.5,0.2,4.2,23.05555556,12.57811144
2012,36,104,0,16.2295082,25.21186441,6.944444444,23.8410596,5.555555556,11.22641509,0,85,1,0,3,81,66,73.5,1.16,76,132.1,47,0.9,0,0,0.5,0.2,4.2,23.05555556,15.67108966
2012,37,97,0,30.6557377,35,24.30555556,35.7615894,7.407407407,5.613207547,0,211.0927152,1.666666667,0,4,77,55,66,0.03,63,132.1,47,0.9,0,0,0.5,0.2,4.2,18.88888889,10.19666377
2012,38,134,0,22,75.63559322,20.83333333,33.11258278,9.259259259,36.88679245,0,85,1.666666667,0,4,73,50,61.5,1.64,75,132.1,47,0.9,0,0,0.5,0.2,4.2,16.38888889,10.45699501
2012,39,145,0,10.81967213,48.94067797,34.72222222,64.90066225,13.88888889,20.04716981,0,85,1,0,6,69,53,61,1.18,76,132.1,47,0.9,0,0,0.5,0.2,4.2,16.11111111,10.42036413
2012,40,158,0,52.29508197,25.21186441,38.19444444,42.38410596,13.88888889,11.22641509,0,213.9072848,1.666666667,0,8,69,55,62,1.51,81,134.9,49,0,0,0,0,0,0,16.66666667,11.48394127
2012,41,165,0,48.8372093,80,92.23529412,109.5714286,19.28358209,18.30769231,0,80,1.454545455,0,12.46153846,56,42,49,0.4,67,134.9,49,0,0,0,0,0,0,9.444444444,6.075260969
2012,42,169,0,23.72093023,182.4,64,57.57142857,19.28358209,15.07692308,0,80,1.454545455,0,9.692307692,67,47,57,0.9,79,134.9,49,0.1,0,0,0,0,0.6,13.88888889,9.460245662
2012,43,176,0,47.44186047,80,84.70588235,65,18.26865672,30.15384615,0,320,1.090909091,0,11.07692308,64,49,56.5,0.11,65,134.9,49,0,0,0,0,0,0,13.61111111,7.651837235
2012,44,167,0.6,30,57.6,47.05882353,27.85714286,11.1641791,20.46153846,0,80,1,0,2.769230769,57,47,52,0.04,58.5,134.9,49,0,0,0,0,0,0,11.11111111,5.89454003
2012,45,161,0.62,58.32402235,49.63265306,38.57142857,21.10144928,10.52173913,18.13333333,0,0,3,78,2.88,44,32,38,0.15,58,134.9,49,0,0,0,0,0,0,3.333333333,3.527880852
2012,46,144,2.08,17.09497207,102.3673469,25.71428571,43.82608696,11.47826087,18.13333333,0,0,2.823529412,78,2.88,50,32,41,0.18,66,134.9,49,0.1,0,0,0,0.5,0,5,4.485319584
2012,47,143,3.5,27.15083799,38,18.57142857,22.72463768,9.565217391,7.466666667,0,0,5.647058824,78,5.76,50,28,39,0.05,64,134.9,49,0.4,0,0,0,0,2.5,3.888888889,4.040123801
2012,48,162,7.41,77.4301676,38,37.14285714,24.34782609,12.43478261,36.26666667,0,0,3.529411765,78,12.48,40,27,33.5,0.14,74,134.9,49,0.3,0,0,0,0.5,1.3,0.833333333,3.800171473
2012,49,223,22.87,41.7721519,62.83783784,36.52941176,28.33333333,20.43010753,56.66666667,4,0,11,0,10.47945205,50,32,41,0.42,80,134.9,49,1.6,1.8,1.2,0.9,2.3,2.5,5,5.43675101
2012,50,272,33.09,29.58860759,34.45945946,29.76470588,23.44827586,19.40860215,28.84848485,4,0,7.719298246,0,17.46575342,47,28,37.5,0.33,74,134.9,49,2.5,1.8,1.8,1.1,1.8,8.2,3.055555556,4.417994495
2012,51,419,43.2,53.9556962,14.18918919,18.94117647,9.770114943,15.32258065,17.51515152,11.25,0,12.54385965,0,11.64383562,44,34,39,2.01,74,134.9,49,5.2,1.8,0.6,3,5.5,17.1,3.888888889,4.671393145
2012,52,547,50.27,74.84177215,12.16216216,10.82352941,7.816091954,17.3655914,40.18181818,4,0,14.47368421,0,23.28767123,38,27,32.5,1.08,73,134.9,49,12.2,3.7,1.2,4.1,10.2,51.9,0.277777778,3.608667977
2013,1,654,40.37,74.84177215,26.35135135,18.94117647,15.63218391,22.47311828,26.78787879,8.75,0,20.26315789,0,22.12328767,36,20,28,0.01,49,134.9,49,17.5,5.5,0.6,5.5,15.7,74.7,-2.222222222,2.0360379
2013,2,700,39,97.65853659,104.8188976,118.7627119,121.8167331,73.66153846,58.97183099,6,0,38.00858369,0,59.51219512,43,22,32.5,0.23,70,134.9,49,12.8,9.2,0,2.3,5.1,67.1,0.277777778,3.460366553
2013,3,597,31.32,90.14634146,86.67716535,130.5084746,95.0438247,87.69230769,74.64788732,6,0,70.38626609,0,97.56097561,42,29,35.5,0.42,48.5,134.9,49,9.2,7.3,3,1.6,6,41.8,1.944444444,2.68643712
2013,4,419,29.83,42.56910569,64.50393701,35.23728814,81.65737052,41.21538462,43.29577465,16.38095238,0,33.08154506,0,56.58536585,25,11,18,0,41,134.9,49,6.7,3.7,0.6,2.1,4.6,29.8,-7.777777778,1.142467143
2013,5,352,22.73,77.62601626,64,23.49152542,37.48207171,25.43076923,35.08450704,7.619047619,0,22.52360515,0,26.34146341,33,22,27.5,1.12,64.5,134.9,49,4.1,1.8,0.6,1.1,2.8,18.4,-2.5,2.628260813
2013,6,271,21.03,102.2666667,19,10.66666667,7.764705882,23.44827586,36.26666667,0,0,12.54901961,0,19.61290323,32,21,26.5,0.62,57,134.9,49,2.3,0,0.6,0.5,0.9,12,-3.055555556,2.233371829
2013,7,208,15.87,20.97777778,19,10.66666667,3.882352941,16.4137931,17.06666667,0,0,9.411764706,0,22.06451613,43,30,36.5,0.29,55,134.9,49,1.6,1.8,0,0.7,0.9,7,2.5,3.163113272
2013,8,193,11.4,52.44444444,38,16,8.411764706,15.24137931,6.4,0,0,10.19607843,0,14.70967742,38,21,29.5,0.22,62,134.9,49,1,0,0.6,0.9,0.9,1.9,-1.388888889,2.730891225
2013,9,159,22.64,60.31111111,38,10.66666667,23.94117647,12.89655172,36.26666667,0,0,7.843137255,0,19.61290323,43,34,38.5,0.82,63,134.9,49,2.2,0,1.2,1.1,1.8,7.6,3.611111111,3.903913563
2013,10,157,20.38,39.02877698,0,6.578947368,24.54545455,9.782608696,17.64705882,0,0,3.888888889,0,10.69444444,41,31,36,0.38,69,134.9,49,1.7,3.7,0,0.9,0.5,7,2.222222222,3.894503387
2013,11,181,9.39,39.02877698,0,2.631578947,32.72727273,8.695652174,24.50980392,0,0,3.888888889,0,10.69444444,50,30,40,0.9,55.5,134.9,49,1.8,7.3,1.2,1.1,0.9,3.8,4.444444444,3.635482247
2013,12,177,11.3,28.95683453,0,3.947368421,32.72727273,10.86956522,27.45098039,0,0,5,0,9.166666667,38,27,32.5,0.59,52,134.9,49,1.8,0,1.8,0.9,0.9,6.3,0.277777778,2.570558011
2013,13,166,9.64,49.10071942,0,6.578947368,18,9.782608696,8.823529412,0,0,6.111111111,0,13.75,53,32,42.5,0,48,134.9,49,1.2,1.8,0,0.9,0.9,3.2,5.833333333,3.446067476
2013,14,172,14.53,18.88489209,0,5.263157895,18,10.86956522,21.56862745,0,0,6.111111111,0,10.69444444,53,30,41.5,0.16,38,134.9,49,2.5,0,0,1.1,4.2,7.6,5.277777778,2.630241891
2013,15,175,13.14,47.17948718,0,2.181818182,12,11.57894737,21.12,15.79746835,0,7.272727273,0,11.07692308,60,39,49.5,0.92,61,134.9,49,0.9,0,0,0,1.8,3.2,9.722222222,5.629853825
2013,16,193,7.77,16.41025641,0,5.454545455,19.40425532,9.473684211,33.44,8,0,3.636363636,0,8.307692308,62,40,51,0.39,55,134.9,49,1,1.8,0,0.9,0.9,1.9,10.55555556,5.351279087
2013,17,118,7.63,31.79487179,0,3,9.191489362,10.52631579,22,8,0,5.090909091,0,9.692307692,63,38,50.5,0.04,53,134.9,49,0.7,0,1.2,0.2,1.4,0.6,10.27777778,5.066936764
2013,18,152,6.58,24.61538462,0,4.363636364,19.40425532,8.421052632,11.44,16.20253165,0,4,0,6.923076923,69,43,56,0,43,134.9,49,0.7,0,1.2,0.2,1.4,0.6,13.33333333,4.976010723
2013,19,149,4.7,8.75,0,2,5,4.266666667,18.77777778,0,0,1.066666667,0,2,72,52,62,0.96,74,134.9,49,0.7,0,1.2,0.2,1.4,0.6,16.66666667,10.4915019
2013,20,153,1.96,9.333333333,0,5.333333333,5,4.266666667,14.44444444,0,0,1,0,3.333333333,71,45,58,0.04,46.5,134.9,49,0.7,0,1.2,0.2,1.4,0.6,14.44444444,5.761356223
2013,21,143,0,18.08333333,0,2.666666667,6,4.266666667,8.666666667,0,0,1.866666667,0,0.666666667,74,55,64.5,1.88,77,134.9,49,0.7,0,1.2,0.2,1.4,0.6,18.05555556,11.86204543
2013,22,150,0,19.83333333,0,2,14,3.2,10.11111111,0,0,1.066666667,0,2,80,58,69,1.04,65,134.9,49,0.7,0,1.2,0.2,1.4,0.6,20.55555556,11.60136895
2013,23,156,0.64,47.31578947,14.67391304,2,8.4375,3.75,12.46575342,0,77,4,0,1.111111111,75,55,65,4.14,71.5,134.9,49,0.7,0,1.2,0.2,1.4,0.6,18.33333333,11.19799107
2013,24,130,0,47.31578947,14.67391304,4,12.65625,3.75,21.09589041,0,77,1,0,3.333333333,74,57,65.5,4.54,80.5,134.9,49,0.7,0,1.2,0.2,1.4,0.6,18.61111111,12.81679691
2013,25,106,0,29,15.65217391,6,9.84375,5,19.17808219,0,77,1,0,1.111111111,83,59,71,0.93,61,134.9,49,0.7,0,1.2,0.2,1.4,0.6,21.66666667,11.61284066
2013,26,112,0.89,50.36842105,9,2,14.0625,3.75,6.712328767,0,77,1,0,2.222222222,85,70,77.5,1.64,78,134.9,49,0.7,0,1.2,0.2,1.4,0.6,25.27777778,18.24289977
2013,27,77,0,29,9,2,9,3.75,10.54794521,0,77,1,0,2.222222222,87,74,80.5,0.19,77,134.9,49,0.7,0,1.2,0.2,1.4,0.6,26.94444444,19.76587245
2013,28,98,1.02,11,9,1.454545455,8,1.090909091,4.406779661,8,0,1,0,3.6,85,72,78.5,1.29,75,134.9,49,0.7,0,1.2,0.2,1.4,0.6,25.83333333,18.09644569
2013,29,92,0,11,18,2.909090909,4,3.272727273,4.406779661,8,0,1,0,1.2,94,74,84,0.03,54,134.9,49,0.7,0,1.2,0.2,1.4,0.6,28.88888889,15.42897006
2013,30,82,0,22,18,2.181818182,8,3.272727273,4.406779661,8,0,4,0,3.6,83,67,75,1,75,134.9,49,0.7,0,1.2,0.2,1.4,0.6,23.88888889,16.21715035
2013,31,71,0,22,9,1.454545455,4,4.363636364,6.779661017,8,0,1,0,3.6,82,63,72.5,0.61,61.5,134.9,49,0.7,0,1.2,0.2,1.4,0.6,22.5,12.28385814
2013,32,82,0,22.34920635,0,1.6,19.02439024,4.923076923,4.355555556,8,0,1,0,3.428571429,79,58,68.5,1.28,73,134.9,49,0.7,0,1.2,0.2,1.4,0.6,20.27777778,12.81968903
2013,33,80,0,22,0,1.6,14.63414634,3.692307692,4.355555556,8,0,1,0,2,80,56,68,0.04,69,134.9,49,0.7,0,1.2,0.2,1.4,0.6,20,11.92194591
2013,34,71,0,44.6984127,0,1.6,8.780487805,2.461538462,11.82222222,8,0,1,0,1.142857143,81,62,71.5,0.02,67,134.9,49,0.7,0,1.2,0.2,1.4,0.6,21.94444444,12.96130708
2013,35,71,0,20.95238095,0,3.2,17.56097561,4.923076923,7.466666667,32,0,4,0,3.428571429,83,67,75,1.65,77,134.9,49,0.7,0,1.2,0.2,1.4,0.6,23.88888889,16.64960769
2013,36,61,0,13.64341085,49.31506849,25.1572327,29.48275862,7,15.25510204,0,72,2.352941176,0,3.225806452,79,58,68.5,0.42,68.5,134.9,49,0.7,0,1.2,0.2,1.4,0.6,20.27777778,12.02943423
2013,37,86,0,18.75968992,47.67123288,23.89937107,55.86206897,10,24.64285714,0,72,1.764705882,0,4.838709677,78,60,69,1.32,71,134.9,49,0.7,0,1.2,0.2,1.4,0.6,20.55555556,12.67226454
2013,38,92,1.09,25.58139535,23.01369863,35.22012579,32.5862069,14,24.64285714,0,72,5.882352941,0,4.838709677,73,47,60,0.05,64,134.9,49,0.7,0,1.2,0.2,1.4,0.6,15.55555556,8.484931005
2013,39,129,0,26.43410853,72.32876712,54.08805031,76.03448276,18,29.33673469,0,72,2,0,6.451612903,71,48,59.5,0.83,62.5,134.9,49,0.7,0,1.2,0.2,1.4,0.6,15.27777778,8.147486068
2013,40,121,0,25.58139535,47.67123288,61.63522013,76.03448276,21,21.12244898,0,360,2,0,5.64516129,75,49,62,0.03,81,134.5,52,0,0,0,0,0,0,16.66666667,11.48394127
2013,41,123,0.81,34,83,89.05454545,89.40397351,19.89473684,16.88888889,7,0,3.294117647,0,5.565217391,68,49,58.5,1.66,69.5,134.5,52,0.1,0,0,0,0,0.6,14.72222222,8.758509068
2013,42,162,0,56.79120879,62.96551724,76.12727273,79.47019868,19.89473684,14.07407407,7,0,1.882352941,0,8.347826087,66,48,57,0.11,74,134.5,52,0,0,0,0,0,0,13.88888889,8.861495936
2013,43,138,1.45,34.37362637,123.0689655,79,47.68211921,22.10526316,22.51851852,7,0,1.411764706,0,9.739130435,55,37,46,0.01,54,134.5,52,0.2,0,0,0,0.5,0.6,7.777777778,4.400009264
2013,44,162,1.85,44.83516484,62.96551724,71.81818182,83.44370861,22.10526316,22.51851852,7,0,1.411764706,0,8.347826087,61,37,49,0.29,74,134.5,52,0.3,0,0,0.2,0.5,0.6,9.444444444,6.709989727
2013,45,168,1.19,23.7037037,28,62.09708738,71.2173913,14.56,21.94285714,0,0,2.947368421,0,2.666666667,53,34,43.5,0.19,56,134.5,52,0.2,0,0,0.5,0,0,6.388888889,4.169349661
2013,46,173,2.31,23.7037037,28,42.99029126,52.95652174,12.48,19.2,0,0,1.263157895,0,5.333333333,53,30,41.5,0.05,47,134.5,52,0.1,0,0,0.2,0,0,5.277777778,3.253193918
2013,47,154,2.6,56.88888889,28,28.66019417,21.91304348,14.56,5.485714286,0,0,2.105263158,0,8,52,34,43,0.48,46.5,134.5,52,0.2,0,0,0.2,0,0.6,6.111111111,3.399722148
2013,48,143,5.59,23.7037037,20,30.25242718,21.91304348,10.4,17.37142857,0,0,1.684210526,0,8,38,24,31,2.24,56,134.5,52,0.1,0,0,0,0,0.6,-0.555555556,2.613634686
2013,49,217,8.29,24.7826087,43.8372093,24.4375,6.25,9.533333333,18.6440678,0,171.097561,6,0,6.818181818,45,31,38,0.57,82,134.5,52,0.7,0,0,0.5,0.9,1.8,3.333333333,4.987693618
2013,50,196,6.63,37.17391304,29,23,11.45833333,11.26666667,11.86440678,0,173.902439,2.25,0,6.818181818,33,22,27.5,0.48,78,134.5,52,0.5,0,0.6,0,0.5,1.8,-2.5,3.178361914
2013,51,187,13.9,38.94409938,47.20930233,30.1875,18.75,10.4,25.42372881,0,69,5.25,0,5.681818182,37,19,28,0.31,68,134.5,52,0.9,0,0,1.4,1.4,0,-2.222222222,2.825521983
2013,52,239,25.1,90.27950311,53.95348837,7.1875,10.41666667,12.13333333,17.79661017,0,69,10.5,0,13.63636364,39,22,30.5,0.83,74.5,134.5,52,1.7,0,0.6,3,0,2.5,-0.833333333,3.410762659
2014,1,340,23.53,93.81987578,29,30.1875,28.125,21.66666667,26.27118644,0,69,12,0,17.04545455,29,15,22,1.04,72,134.5,52,3.3,3.8,0.6,2.1,4.1,8,-5.555555556,2.359417124
2014,2,451,33.26,128.8421053,16.46666667,41.40740741,27.2,32.10714286,33.46031746,56,0,14.55319149,0,27.87096774,34,15,24.5,1.27,78,134.5,52,3.9,0,1.2,2.3,7.3,7.4,-4.166666667,2.824175329
2014,3,490,32.04,42.94736842,26.6,68.48148148,41.6,32.10714286,33.46031746,14,0,12.93617021,0,30.96774194,50,31,40.5,0.66,78,134.5,52,5.4,3.8,0.6,5.3,8.7,6.8,4.722222222,5.204308877
2014,4,536,32.09,42.94736842,16.46666667,41.40740741,40,26.92857143,21.58730159,14,0,20.21276596,0,22.70967742,25,11,18,0.03,45,134.5,52,5.1,3.8,0.6,3.7,8.7,9.2,-7.777777778,1.253927352
2014,5,452,27.21,57.26315789,16.46666667,20.7037037,27.2,24.85714286,47.49206349,14,0,28.29787234,0,14.4516129,30,16,23,0.02,49,134.5,52,5.3,7.5,1.2,3.7,7.3,10.5,-5,1.671323563
2014,6,377,25.46,20.85517241,8,10.4516129,22.66666667,21.6,20.19512195,8,0,21.75,0,18.13953488,33,16,24.5,1.13,77,134.5,52,5.6,1.9,1.8,3,10.5,11.1,-4.166666667,2.787967953
2014,7,381,21.78,25.32413793,32,12.77419355,15,14.4,45.65853659,32,0,6,0,13.95348837,30,17,23.5,0.9,68,134.5,52,5.6,1.9,0,2.3,10.5,14.8,-4.722222222,2.366128137
2014,8,377,15.38,26.06896552,8,4.64516129,30.66666667,14.4,25.46341463,8,0,6,0,13.95348837,34,21,27.5,0.76,78,134.5,52,4.3,1.9,1.2,2.3,6.4,10.5,-2.5,3.178361914
2014,9,335,15.52,35.75172414,8,8.129032258,6.666666667,9.6,16.68292683,8,0,2.25,0,13.95348837,33,12,22.5,0,39,134.5,52,3.7,0,0,2.1,5.5,10.5,-5.277777778,1.303897288
2014,10,307,19.54,15.80645161,16,6,11,13.38235294,42.9389313,7,0,12.63888889,0,13.15789474,32,15,23.5,0,41,134.5,52,4,1.9,0.6,1.2,3.2,16.6,-4.722222222,1.426636083
2014,11,367,20.16,23.70967742,80,6,19.25,13.38235294,13.35877863,17.74647887,0,13.54166667,0,18.42105263,44,31,37.5,0.35,50.5,134.5,52,5.4,0,1.8,1.8,5,21,3.055555556,3.01498273
2014,12,355,25.92,49.67741935,16,7.5,8.25,12.35294118,22.90076336,7,0,9.027777778,0,18.42105263,47,23,35,0.74,43.5,134.5,52,7.8,3.8,2.5,1.8,4.1,35.1,1.666666667,2.364487838
2014,13,368,25.82,80.16129032,16,7.5,15.125,14.41176471,32.44274809,17.25352113,0,16.25,0,10.52631579,39,23,31,1.5,71.5,134.5,52,6.5,1.9,0,2.3,6.4,25.9,-0.555555556,3.33705143
2014,14,358,27.37,40.64516129,16,3,12.375,16.47058824,13.35877863,7,0,13.54166667,0,14.47368421,54,34,44,1.76,58,134.5,52,7,0,1.8,2.3,7.8,25.9,6.666666667,4.397238825
2014,15,401,25.19,46.66666667,17.37931034,6.153846154,5.6,16.3902439,34.36363636,0,0,17.14285714,0,16.25,59,37,48,0.54,52,134.5,52,8.8,1.9,0.6,3.2,9.2,33.9,8.888888889,4.550791394
2014,16,312,24.36,29.47368421,18.62068966,3.076923077,5.6,10.53658537,23.72727273,0,0,12.85714286,0,11.375,62,32,47,1.62,60,134.5,52,5.5,1.9,0.6,2.3,5.5,20.3,8.333333333,5.06708539
2014,17,320,19.06,36.84210526,9,4.615384615,5.6,11.70731707,40.09090909,0,0,5,0,9.75,60,41,50.5,1.07,57.5,134.5,52,5.6,0,1.2,1.4,8.2,19.7,10.27777778,5.497148376
2014,18,309,19.74,27.01754386,9,6.153846154,11.2,9.365853659,9.818181818,0,0,5,0,14.625,64,42,53,2.55,69,134.5,52,5.6,0,1.2,1.4,8.2,19.7,11.66666667,7.199031346
2014,19,187,9.09,25.2,0,2,7.2,7.636363636,25.4375,0,0,2.947368421,0,7.04,65,49,57,1.01,75,134.5,52,5.6,0,1.2,1.4,8.2,19.7,13.88888889,8.981245881
2014,20,204,6.37,40.32,0,4,7.2,6.545454545,8.9375,0,0,2.947368421,0,5.76,71,54,62.5,1.62,64,134.5,52,5.6,0,1.2,1.4,8.2,19.7,16.94444444,9.226356846
2014,21,178,3.37,18.48,0,2,4.8,5.454545455,4.8125,0,0,1.263157895,0,1.92,69,50,59.5,1.11,76,134.5,52,5.6,0,1.2,1.4,8.2,19.7,15.27777778,9.907343059
2014,22,150,2.67,21,0,2,4.8,4.363636364,4.8125,0,0,0.842105263,0,1.28,69,49,59,0.44,60,134.5,52,5.6,0,1.2,1.4,8.2,19.7,15,7.690487842
2014,23,187,1.6,10.09009009,0,2,3.333333333,3.333333333,11.19402985,0,0,1.666666667,0,1.875,77,56,66.5,0.33,61,134.5,52,5.6,0,1.2,1.4,8.2,19.7,19.16666667,10.0361176
2014,24,153,0,11.35135135,0,2,2,4.166666667,13.43283582,0,0,1,0,1.875,71,60,65.5,0.69,77,134.5,52,5.6,0,1.2,1.4,8.2,19.7,18.61111111,12.25954487
2014,25,128,0.78,23.96396396,0,2,2,2.5,8.208955224,0,0,1,0,2.5,82,54,68,0.1,52.5,134.5,52,5.6,0,1.2,1.4,8.2,19.7,20,9.071045804
2014,26,113,2.65,11.98198198,0,2,6.666666667,2.5,11.19402985,0,0,3.333333333,0,2,83,61,72,0.14,62.5,134.5,52,5.6,0,1.2,1.4,8.2,19.7,22.22222222,12.28582563
2014,27,110,0,12.61261261,0,6,2,2.5,5.970149254,0,0,1,0,3.75,88,63,75.5,3.02,71,134.5,52,5.6,0,1.2,1.4,8.2,19.7,24.16666667,15.59617323
2014,28,105,0,22.59459459,0,3.692307692,9,3.555555556,7.024390244,0,0,2,0,3,87,67,77,0.08,60,134.5,52,5.6,0,1.2,1.4,8.2,19.7,25,13.81536789
2014,29,92,0,21.40540541,0,1.846153846,11.45454545,3.555555556,6.146341463,0,0,4,0,1,80,68,74,1.42,74,134.5,52,5.6,0,1.2,1.4,8.2,19.7,23.33333333,15.50272334
2014,30,95,0,22.59459459,0,2.769230769,13.09090909,4.444444444,9.658536585,0,0,4,0,2,82,64,73,0.15,65,134.5,52,5.6,0,1.2,1.4,8.2,19.7,22.77777778,13.19147753
2014,31,70,0,21.40540541,0,3.692307692,11.45454545,4.444444444,13.17073171,0,0,2,0,2,82,62,72,0.35,66,134.5,52,5.6,0,1.2,1.4,8.2,19.7,22.22222222,12.97383186
2014,32,69,1.45,9.956896552,18,3.75,20,4.166666667,16.23595506,0,0,1,0,5,83,61,72,0.2,69,134.5,52,5.6,0,1.2,1.4,8.2,19.7,22.22222222,13.56355149
2014,33,115,0,9.956896552,18,7,20.3125,4.166666667,16.23595506,0,0,1,0,2,77,60,68.5,1.7,73,134.5,52,5.6,0,1.2,1.4,8.2,19.7,20.27777778,12.81968903
2014,34,75,1.33,10.43103448,18,8.75,28.125,5.208333333,17.19101124,0,0,1,0,2,79,59,69,0.03,71,134.5,52,5.6,0,1.2,1.4,8.2,19.7,20.55555556,12.67226454
2014,35,81,0,9.956896552,90,13.75,26.5625,5.208333333,20.05617978,0,0,1.785714286,0,3,81,57,69,0,68,134.5,52,5.6,0,1.2,1.4,8.2,19.7,20.55555556,12.13681675
2014,36,85,0,14.69827586,18,8.75,25,6.25,15.28089888,0,0,3.214285714,0,3,87,65,76,0.79,62,134.5,52,5.6,0,1.2,1.4,8.2,19.7,24.44444444,13.83512716
2014,37,107,0,33.67088608,44.8,8,44.35955056,9.454545455,20.8,30,0,1,0,6.545454545,75,56,65.5,0.25,65,134.5,52,5.6,0,1.2,1.4,8.2,19.7,18.61111111,10.34896645
2014,38,105,0,35.44303797,89.6,28,33.97752809,11.81818182,27.73333333,30,0,2,0,4.363636364,70,46,58,0.07,76,134.5,52,5.6,0,1.2,1.4,8.2,19.7,14.44444444,9.416410171
2014,39,123,0.81,35.44303797,89.6,40,45.30337079,14.18181818,41.6,40.52980132,0,1,0,4.363636364,71,51,61,0.82,77,134.5,52,5.6,0,1.2,1.4,8.2,19.7,16.11111111,10.55747419
2014,40,221,2.71,35.44303797,56,64,44.35955056,16.54545455,13.86666667,79.47019868,0,2,0,8.727272727,66,54,60,1.78,80,147.8,19,0.6,0,0,0,0,3.6,15.55555556,10.60616376
2014,41,235,0.85,15.65217391,98.51308901,118.6459144,179.3721973,30.85714286,32,19,0,1,0,4.48,67,44,55.5,0.3,69,147.8,19,0.9,0,0,0.7,1.4,1.8,13.05555556,7.848846127
2014,42,255,1.96,23.47826087,29.7591623,109.4007782,100.4484305,31.88571429,26.66666667,76,0,2,0,11.2,72,57,64.5,1.09,77,147.8,19,0.2,0,0,0,0,1.2,18.05555556,11.86204543
2014,43,243,0.41,30.52173913,48.23036649,70.87937743,69.95515695,24.68571429,32,19,0,1,0,2.24,56,43,49.5,0.72,73,147.8,19,0.3,0,0,0,0.5,1.2,9.722222222,6.737366053
2014,44,231,0.43,38.34782609,19.4973822,97.07392996,50.22421525,20.57142857,13.33333333,19,0,2,0,10.08,58,40,49,0.49,69,147.8,19,0.3,0,0.6,0,0.9,0,9.444444444,6.256612043
2014,45,267,0,55.03184713,16.80769231,70,44.40298507,17,25.88028169,0,0,3.076923077,0,6.857142857,49,37,43,0.23,56,147.8,19,0.2,0,0,0,0,1.2,6.111111111,4.094289039
2014,46,268,1.12,21.78343949,32.73076923,63.33333333,34.25373134,18,17.00704225,0,0,3.076923077,0,11.42857143,56,33,44.5,0.21,59,147.8,19,0.2,0,0,0.2,0,0.6,6.944444444,4.55467979
2014,47,275,0.73,22.92993631,49.53846154,26.66666667,20.29850746,10,14.78873239,0,0,3.076923077,0,3.428571429,42,23,32.5,1.39,40,147.8,19,0.6,0,0,0.2,0.9,1.8,0.277777778,1.977352316
2014,48,211,2.37,37.8343949,23,21.66666667,22.8358209,11,19.22535211,0,0,7.692307692,0,8,46,32,39,1.8,72,147.8,19,0.2,0,0,0.2,0,0.6,3.888888889,4.545139276
2014,49,302,2.98,42.42038217,15.92307692,33.33333333,48.20895522,14,28.09859155,0,0,3.076923077,0,10.28571429,43,34,38.5,1.25,78,147.8,19,1,0,0.6,0.7,0,3.6,3.611111111,4.833416792
2014,50,293,8.19,55.3220339,12,41.9047619,55.8,15.76811594,38.55072464,0,0,6.72,0,8.156862745,38,27,32.5,2.14,75,147.8,19,1.6,1.9,0,0,3.2,4.8,0.277777778,3.707535593
2014,51,372,12.37,47.25423729,12,20.95238095,52.2,15.76811594,46.26086957,0,0,10.45333333,0,10.19607843,40,27,33.5,0.29,69,147.8,19,1.7,0,0,0.5,2.3,6,0.833333333,3.543403131
2014,52,367,17.17,43.79661017,12,19.04761905,45,11.82608696,45.15942029,0,0,23.89333333,0,15.29411765,44,33,38.5,0.78,86,147.8,19,5.2,5.7,1.9,1.2,5.5,18.1,3.611111111,5.329151848
2014,53,503,16.5,57.62711864,12,38.0952381,72,24.63768116,22.02898551,0,0,14.93333333,0,18.35294118,35,23,29,0.45,86,147.8,19,3.7,1.9,0.6,1.4,2.3,15.1,-1.666666667,3.715267966
2015,1,677,20.68,45.58139535,29.33333333,28.8,32.94117647,27.65957447,48,40,94,19.13924051,0,27.34177215,24,15,19.5,0.36,79,147.8,19,7.2,1.9,0,2.3,5.5,30.7,-6.944444444,2.340189645
2015,2,670,21.79,74.4496124,29.33333333,17.28,27.05882353,24.46808511,32,40,94,33.3164557,0,24.60759494,34,11,22.5,0.32,44,147.8,19,5.2,3.8,0,0.9,3.2,24.7,-5.277777778,1.471063607
2015,3,658,26.14,45.58139535,29.33333333,15.84,23.52941176,27.65957447,16,20,94,37.56962025,0,31.44303797,37,25,31,1.74,63,147.8,19,7.1,5.7,1.9,2.8,3.6,28.3,-0.555555556,2.940339022
2015,4,615,23.74,30.3875969,22,10.08,36.47058824,20.21276596,28,20,94,21.97468354,0,24.60759494,28,13,20.5,0.16,54,147.8,19,7.1,1.9,1.2,1.9,4.1,31.9,-6.388888889,1.665790715
2015,5,712,23.17,55.63636364,12,7.714285714,9.846153846,21.71428571,39,0,0,16.22535211,0,33.16363636,29,10,19.5,0.66,60,147.8,19,5.4,0,0.6,2.1,4.5,21.7,-6.944444444,1.777359224
2015,6,728,22.53,27.1048951,12,7.714285714,6.769230769,20.57142857,15,0,0,11.49295775,0,19.2,28,15,21.5,0.4,73,147.8,19,6.4,1.9,1.2,1.4,4.5,28.3,-5.833333333,2.344593783
2015,7,694,18.59,68.47552448,24.64864865,11.57142857,14.15384615,16,27,0,0,8.788732394,0,24.43636364,22,-2,10,0.46,68,147.8,19,7.2,7.6,1.2,1.2,5.9,30.1,-12.22222222,1.356962372
2015,8,498,18.67,52.78321678,23.35135135,9,9.230769231,13.71428571,19,0,0,11.49295775,0,19.2,30,7,18.5,0.05,63,147.8,19,5.9,1.9,0.6,1.2,3.2,28.3,-7.5,1.791746438
2015,9,407,21.62,48,11,12.5,10.23255814,11.91666667,30.79470199,0,0,23.375,0,18.36734694,36,10,23,0.95,53,147.8,19,6.4,0,0,1.9,5,28.3,-5,1.80775814
2015,10,445,22.47,43.63636364,11,7.5,7.441860465,10.83333333,27.71523179,0,0,6.1875,0,16.83673469,45,21,33,0.7,57,147.8,19,4.2,0,0.6,1.6,3.6,16.3,0.555555556,2.871986012
2015,11,463,19.22,65.45454545,11,6,7.441860465,15.16666667,24.63576159,0,0,12.375,0,15.30612245,42,26,34,0.29,52.5,147.8,19,4.2,1.9,0.6,1.2,2.7,18.1,1.111111111,2.747738907
2015,12,471,21.44,45.81818182,55,10,7.441860465,13,47.21854305,0,0,6.875,0,12.24489796,39,21,30,0.61,50,147.8,19,6,0,0,1.2,4.1,28.9,-1.111111111,2.245349094
2015,13,377,19.63,85.09090909,11,6,7.441860465,14.08333333,24.63576159,0,0,6.1875,0,12.24489796,50,29,39.5,0.39,75,147.8,19,4.1,1.9,1.2,0.7,4.1,16.3,4.166666667,4.822946104
2015,14,486,14.61,76.90140845,11,9,23.27272727,10.28571429,20.52,15,0,10.08,90,7.368421053,48,34,41,0.85,62,147.8,19,3.6,3.8,0,0.2,2.3,17.5,5,4.213482033
2015,15,502,8.96,63.09859155,11,3,25.21212121,10.28571429,25.84,31.45631068,0,5.6,360,4.421052632,68,36,52,0.11,81,147.8,19,3.3,1.9,0,0.5,4.1,13.3,11.11111111,8.16167081
2015,16,418,8.61,35,44,3,15.51515152,8.228571429,15.2,28.54368932,0,12.32,90,13.26315789,58,39,48.5,2.33,47.5,147.8,19,1,0,0,0.7,0.5,3.6,9.166666667,4.231449849
2015,17,320,5.31,35,11,3,16,7.2,14.44,15,0,7,90,2.947368421,65,40,52.5,0,64,147.8,19,0.7,0,0,0.2,0.9,2.4,11.38888889,6.562177727
2015,18,266,4.89,50.63291139,12,2.5,3.75,5.769230769,36.14457831,0,0,10,0,1.578947368,82,48,65,0,44,147.8,19,0.7,0,0,0.2,0.9,2.4,18.33333333,6.89107143
2015,19,230,3.04,26.58227848,19.67213115,2,7.5,6.923076923,31.62650602,0,0,2,0,1.578947368,74,56,65,0.06,45,147.8,19,0.7,0,0,0.2,0.9,2.4,18.33333333,7.04768669
2015,20,258,0.78,67.08860759,40.32786885,2.5,3.75,6.923076923,25.60240964,0,0,2,0,1.578947368,73,50,61.5,0.53,60,147.8,19,0.7,0,0,0.2,0.9,2.4,16.38888889,8.36559601
2015,21,237,0.42,55.69620253,12,2.5,3,5.769230769,13.55421687,0,0,2,0,2.368421053,83,60,71.5,0.05,51,147.8,19,0.7,0,0,0.2,0.9,2.4,21.94444444,9.866069571
2015,22,181,1.1,40,12,2.5,3,4.615384615,18.07228916,0,0,2,0,7.894736842,71,50,60.5,3.07,66,147.8,19,0.7,0,0,0.2,0.9,2.4,15.83333333,8.89858235
2015,23,186,0,11.85185185,0,1,6,5.714285714,9.777777778,0,0,8,0,3,82,61,71.5,0.02,76,147.8,19,0.7,0,0,0.2,0.9,2.4,21.94444444,14.70237818
2015,24,186,0,49.77777778,0,1,6.857142857,5.714285714,12.83333333,0,0,2,0,2,76,60,68,1.54,58,147.8,19,0.7,0,0,0.2,0.9,2.4,20,10.02134584
2015,25,129,0.78,11.85185185,0,1,6.857142857,4.285714286,7.333333333,0,0,2,0,2,83,63,73,1.1,76,147.8,19,0.7,0,0,0.2,0.9,2.4,22.77777778,15.42388141
2015,26,135,1.48,22.51851852,0,1,10.28571429,4.285714286,14.05555556,0,0,2,0,5,79,60,69.5,0.94,66,147.8,19,0.7,0,0,0.2,0.9,2.4,20.83333333,11.97197482
2015,27,136,0.74,26,10,2,10.32258065,3.428571429,21.02857143,0,0,2.461538462,0,1.6,85,66,75.5,0.14,64,147.8,19,0.7,0,0,0.2,0.9,2.4,24.16666667,14.05852235
2015,28,119,1.68,23.24705882,10,1.5,10,2.571428571,8,0,0,2,0,4,82,66,74,0.21,69,147.8,19,0.7,0,0,0.2,0.9,2.4,23.33333333,14.45524203
2015,29,131,0,35.48235294,10,4,10.32258065,2.571428571,10.97142857,0,0,2,0,2,85,61,73,0.03,69,147.8,19,0.7,0,0,0.2,0.9,2.4,22.77777778,14.00326076
2015,30,108,0,45.27058824,10,2.5,19.35483871,3.428571429,8,0,0,5.538461538,0,2.4,89,69,79,0.22,57,147.8,19,0.7,0,0,0.2,0.9,2.4,26.11111111,13.96856046
2015,31,118,1.69,26,32,4,13.33333333,3,9.493670886,0,0,2,0,1.111111111,86,62,74,0.03,67,147.8,19,0.7,0,0,0.2,0.9,2.4,23.33333333,14.03624951
2015,32,104,0.96,66.75675676,32,2.608695652,13.33333333,2,5.063291139,0,0,2,0,1.111111111,84,64,74,1.13,51,147.8,19,0.7,0,0,0.2,0.9,2.4,23.33333333,10.68430933
2015,33,89,0,26,54.33962264,7.826086957,18.33333333,5,9.493670886,0,0,2,0,1.111111111,87,69,78,0.22,75,147.8,19,0.7,0,0,0.2,0.9,2.4,25.55555556,17.81698126
2015,34,106,0.94,31.62162162,54.33962264,1.739130435,11.66666667,4,18.98734177,0,0,2,0,0.555555556,83,62,72.5,0.01,75,147.8,19,0.7,0,0,0.2,0.9,2.4,22.5,14.9803148
2015,35,109,0,31.62162162,51.32075472,7.826086957,23.33333333,6,6.962025316,0,0,2,0,1.111111111,89,65,77,0,64,147.8,19,0.7,0,0,0.2,0.9,2.4,25,14.73639241
2015,36,113,1.77,15.69230769,23.75903614,6.753246753,35.27559055,6.511627907,12.375,9,0,4,77,2,87,63,75,1.25,57,147.8,19,0.7,0,0,0.2,0.9,2.4,23.88888889,12.32503427
2015,37,127,0.79,23.07692308,29,10.80519481,25.19685039,7.441860465,25.875,9,0,1,77,1,84,58,71,0.19,80,147.8,19,0.7,0,0,0.2,0.9,2.4,21.66666667,15.22995497
2015,38,184,1.09,46.15384615,33.54216867,39.16883117,42.83464567,13.02325581,11.25,9,0,1,77,6,74,50,62,0,67.5,147.8,19,0.7,0,0,0.2,0.9,2.4,16.66666667,9.569951056
2015,39,228,0.88,11.07692308,58.69879518,47.27272727,56.69291339,13.02325581,22.5,9,0,1,77,3,74,52,63,2.41,60,147.8,19,0.7,0,0,0.2,0.9,2.4,17.22222222,8.794880224
2015,40,304,0.33,63.66315789,59.33333333,105.8823529,86.93877551,22.25806452,21,8,0,1,0,8.275862069,68,46,57,0.11,71.5,146.4,48,0.2,0,0,0.2,0,0.6,13.88888889,8.562121074
2015,41,347,3.75,21.22105263,150.0784314,76.23529412,75.34693878,28.19354839,12,8,0,1,0,9.655172414,68,43,55.5,0.04,76,146.4,48,0.1,0,0,0,0,0.6,13.05555556,8.645105879
2015,42,313,1.92,42.44210526,89,87.52941176,69.55102041,22.25806452,36,8,0,1,0,11.03448276,57,35,46,0,64,146.4,48,0,0,0,0,0,0,7.777777778,5.214825794
2015,43,335,0,40.67368421,57.58823529,90.35294118,52.16326531,19.29032258,23,8,0,1,0,11.03448276,59,39,49,1.28,54,146.4,48,0,0,0,0,0,0,9.444444444,4.89647899
2015,44,346,0,71.15107914,45.91304348,72.06896552,62.88135593,18.95833333,12.75,0,0,6.666666667,0,8.4375,70,47,58.5,0,68,146.4,48,0.1,0,0,0,0,0.6,14.72222222,8.569476498
2015,45,298,0.34,71.15107914,68.17391304,49.31034483,36.77966102,16.04166667,8.25,0,0,3.333333333,0,11.25,57,42,49.5,0.75,74,146.4,48,0,0,0,0,0,0,9.722222222,6.829658738
2015,46,359,0.56,26.29496403,45.91304348,43.62068966,52.20338983,11.66666667,17.25,0,0,3.333333333,0,11.25,58,33,45.5,0.88,76,146.4,48,0.1,0,0,0,0,0.6,7.5,6.08237589
2015,47,353,0,29.38848921,32,24.65517241,17.79661017,11.66666667,9.75,0,0,4,0,7.03125,50,34,42,0.19,62.5,146.4,48,0.1,0,0,0,0.5,0,5.555555556,4.405918419
2015,48,349,0.29,17.01438849,32,30.34482759,40.33898305,11.66666667,12,0,0,6.666666667,0,7.03125,46,30,38,0.5,66,146.4,48,0.2,0,0,0.2,0,0.6,3.333333333,4.014485107
2015,49,343,0.58,21.18518519,33.88235294,19,14.94505495,12.70588235,22.53521127,0,0,2,0,6.896551724,56,38,47,0.01,73,146.4,48,0.2,0,0,0,0.5,0.6,8.333333333,6.164953891
2015,50,351,0.57,65.48148148,27,28.5,30.76923077,11.29411765,18.02816901,0,0,3,0,12.4137931,51,42,46.5,0.92,70,146.4,48,0,0,0,0,0,0,8.055555556,5.80684572
2015,51,327,1.22,52,27,5.7,8.791208791,9.882352941,6.309859155,0,0,5,0,9.655172414,56,43,49.5,1.28,76,146.4,48,1.1,1.9,0,0.7,0.9,2.9,9.722222222,7.01424411
2015,52,402,1.24,121.3333333,74.11764706,22.8,25.49450549,14.11764706,17.12676056,0,0,5,0,11.03448276,42,32,37,0.99,84,146.4,48,0.4,0,0,0.5,0.9,0,2.777777778,4.922225107
2016,1,427,1.87,68.46846847,20,16.25,37.33333333,13.75,17.20588235,9,0,1.578947368,0,13.23529412,43,17,30,0,64,146.4,48,0.5,0,0.6,0.2,0,1.8,-1.111111111,2.87404684
2016,2,384,4.43,95.85585586,20,13,16,9.625,12.42647059,9,0,1.578947368,0,8.823529412,45,25,35,1.9,54,146.4,48,0.6,0,0,0.2,0.5,2.4,1.666666667,2.935226282
2016,3,417,6,53.06306306,100,16.25,12.44444444,9.625,12.42647059,9,0,1.052631579,0,10.29411765,32,21,26.5,0.05,39,146.4,48,1.2,0,0.6,0.9,0.5,3.5,-3.055555556,1.528096515
2016,4,502,6.57,59.90990991,20,11.375,17.77777778,9.625,6.691176471,45,0,2.105263158,0,8.823529412,44,21,32.5,0,54,146.4,48,1.6,0,0,1.6,1.8,2.9,0.277777778,2.669425627
2016,5,456,10.09,102.7027027,20,8.125,12.44444444,12.375,16.25,9,0,3.684210526,0,8.823529412,56,31,43.5,1.14,74,146.4,48,2,0,0.6,1.2,1.8,5.9,6.388888889,5.509497766
2016,6,508,6.5,41.77777778,14,8.181818182,16.59016393,12.27272727,21.37931034,6,0,6.060606061,55,5.6,32,19,25.5,0.12,60,146.4,48,2,0,0,1.6,3.6,2.9,-3.611111111,2.260131567
2016,7,541,14.23,47.34814815,7,9.818181818,9.37704918,13.63636364,42.75862069,6,0,8.484848485,55,12.6,40,22,31,0.86,60,146.4,48,2.7,1.9,0,2.1,1.8,8.3,-0.555555556,2.800322878
2016,8,674,20.77,29.24444444,14,9.818181818,13.70491803,16.36363636,38.48275862,6,0,12.12121212,55,16.8,49,29,39,2.82,60,146.4,48,5.8,7.6,1.3,3.5,7.7,12.4,3.888888889,3.787616063
2016,9,719,21.56,69.62962963,7,8.181818182,4.327868852,17.72727273,21.37931034,6,0,13.33333333,55,21,49,26,37.5,0.39,43,146.4,48,6.5,1.9,1.3,3.5,10.4,15.3,3.055555556,2.567213018
2016,10,863,26.65,58.3902439,7.783783784,4.8,6.819672131,23.8,39.57894737,12,54,22.03278689,0,24.21052632,61,35,48,0.04,49,146.4,48,10.6,1.9,2.5,5.6,17.6,24.2,8.888888889,4.288245736
2016,11,815,22.58,61.17073171,8.432432432,7.2,11.01639344,22.4,28.63157895,12,54,24.78688525,0,29.05263158,52,41,46.5,0.77,70,146.4,48,7.7,1.9,1.3,3.8,9,23.6,8.055555556,5.80684572
2016,12,783,16.09,61.17073171,7.783783784,7.2,10.49180328,21,29.47368421,48,109.6446701,19.27868852,0,19.36842105,54,35,44.5,0.25,59,146.4,48,7.1,5.7,2.5,3.3,11.8,15.3,6.944444444,4.55467979
2016,13,638,15.99,47.26829268,6,4.8,3.672131148,16.8,30.31578947,12,106.3553299,17.90163934,0,19.36842105,57,40,48.5,1.25,68.5,146.4,48,5.9,3.8,1.9,2.6,5.4,19.5,9.166666667,6.102196099
2016,14,529,14.74,59.59633028,7,5.333333333,14,12.70588235,19.79746835,0,0,11.07692308,220,17.23076923,46,30,38,1.36,58,146.4,48,4.2,5.7,0.6,2.1,5.4,10.6,3.333333333,3.527880852
2016,15,460,12.17,55.48623853,7,6.4,22.4,14.11764706,23.29113924,0,0,11.07692308,55,21.53846154,60,34,47,0.35,40,146.4,48,3.9,1.9,0,0.9,6.8,11.8,8.333333333,3.378056927
2016,16,517,11.99,73.98165138,7,4.266666667,33.6,12.70588235,31.44303797,0,0,6.923076923,55,12.92307692,74,45,59.5,0.29,37,146.4,48,2.4,1.9,0,0.7,4.1,7.1,15.27777778,4.823311752
2016,17,434,10.6,34.93577982,7,4,14,8.470588235,17.46835443,0,0,6.923076923,55,4.307692308,65,43,54,0.22,52,146.4,48,1.2,0,1.3,0.2,0.5,4.7,12.22222222,5.616832338
2016,18,356,7.87,9.444444444,13,0.769230769,7.777777778,7.692307692,15.36144578,0,0,4.615384615,0,7.8125,56,47,51.5,1.06,76,146.4,48,1.2,0,1.3,0.2,0.5,4.7,10.83333333,7.525175488
2016,19,361,6.93,17,21.66666667,1.153846154,7,7.692307692,18.43373494,0,0,3.461538462,0,4.6875,73,47,60,0.3,51,146.4,48,1.2,0,1.3,0.2,0.5,4.7,15.55555556,6.761429394
2016,20,283,4.95,16.52777778,43.33333333,1.153846154,7,6.153846154,18.43373494,0,0,2.307692308,0,3.125,72,47,59.5,0,42,146.4,48,1.2,0,1.3,0.2,0.5,4.7,15.27777778,5.475110638
2016,21,240,2.92,31.875,13,1.153846154,18.14814815,10.76923077,18.43373494,0,0,2.307692308,0,6.25,89,56,72.5,0.15,57,146.4,48,1.2,0,1.3,0.2,0.5,4.7,22.5,11.38503925
2016,22,240,0.83,27.15277778,13,0.769230769,9.074074074,7.692307692,14.3373494,0,0,2.307692308,0,3.125,85,65,75,0.53,76,146.4,48,1.2,0,1.3,0.2,0.5,4.7,23.88888889,16.43337902
2016,23,201,0,59.83783784,0,3.2,2,4.363636364,6.666666667,0,0,2,0,4,73,58,65.5,1.4,46,146.4,48,1.2,0,1.3,0.2,0.5,4.7,18.61111111,7.323883947
2016,24,198,1.52,19.94594595,0,2,2,4.363636364,9.333333333,0,0,2,0,2.666666667,83,57,70,0,45,146.4,48,1.2,0,1.3,0.2,0.5,4.7,21.11111111,8.295548846
2016,25,158,0.63,42.10810811,0,2,2,2.909090909,6.666666667,0,0,2,0,1.333333333,86,60,73,0,45,146.4,48,1.2,0,1.3,0.2,0.5,4.7,22.77777778,9.132561363
2016,26,168,0.6,42.10810811,0,4.8,4,4.363636364,9.333333333,0,0,4,0,4,85,67,76,1.03,61,146.4,48,1.2,0,1.3,0.2,0.5,4.7,24.44444444,13.61197995
2016,27,161,0,13.25301205,7,4.615384615,2.727272727,5,7.403846154,0,0,1.25,0,1.428571429,85,63,74,0.49,67,146.4,48,1.2,0,1.3,0.2,0.5,4.7,23.33333333,14.03624951
2016,28,142,0,37.10843373,7,3,5.454545455,5,9.519230769,0,0,1,0,2.857142857,88,70,79,0.55,67,146.4,48,1.2,0,1.3,0.2,0.5,4.7,26.11111111,16.4191851
2016,29,142,0,35.78313253,7,3.461538462,8.181818182,3.333333333,16.92307692,0,0,1.25,0,1.428571429,94,74,84,0.5,48,146.4,48,1.2,0,1.3,0.2,0.5,4.7,28.88888889,13.71464005
2016,30,26,0,22,7,3.461538462,2.727272727,3.333333333,15.86538462,0,0,1.25,0,2.857142857,95,71,83,0.34,63.5,146.4,48,1.2,0,1.3,0.2,0.5,4.7,28.33333333,17.59933364
2016,31,123,0,23.85542169,35,3.461538462,10.90909091,3.333333333,5.288461538,0,0,1.25,0,1.428571429,84,65,74.5,0.94,66,146.4,48,1.2,0,1.3,0.2,0.5,4.7,23.61111111,14.04740453
2016,32,101,0,29,7,2.8,18.38709677,2.909090909,15.54545455,6,0,1,0,2.666666667,91,74,82.5,0.68,68,146.4,48,1.2,0,1.3,0.2,0.5,4.7,28.05555556,18.56094629
2016,33,123,0.81,20.71428571,7,7,9.806451613,2.909090909,4.090909091,12.24489796,0,1,0,1.333333333,91,72,81.5,0.09,63,146.4,48,1.2,0,1.3,0.2,0.5,4.7,27.5,16.67734904
2016,34,118,0,20.71428571,7,8.4,13.48387097,4.363636364,5.727272727,11.75510204,0,1,0,1.333333333,87,67,77,1.45,52.5,146.4,48,1.2,0,1.3,0.2,0.5,4.7,25,12.0884469
2016,35,106,0.94,45.57142857,28,9.8,34.32258065,5.818181818,10.63636364,6,0,1,0,2.666666667,84,67,75.5,0.14,57,146.4,48,1.2,0,1.3,0.2,0.5,4.7,24.16666667,12.52087147
2016,36,133,0,31.2,32.96703297,19.13207547,24.26966292,8.727272727,13.8125,24,0,2,0,2.666666667,86,71,78.5,0.1,64,146.4,48,1.2,0,1.3,0.2,0.5,4.7,25.83333333,15.44230032
2016,37,166,0,21.6,31.64835165,30.90566038,30.33707865,10.18181818,25.5,6,0,2,0,5.333333333,80,55,67.5,0,65,146.4,48,1.2,0,1.3,0.2,0.5,4.7,19.72222222,11.04941963
2016,38,199,1.01,50.4,31.64835165,48.56603774,65.73033708,10.18181818,22.3125,6,0,4,0,5.333333333,83,63,73,0.42,80,146.4,48,1.2,0,1.3,0.2,0.5,4.7,22.77777778,16.23566465
2016,39,230,0.43,40.8,23.73626374,57.39622642,59.66292135,18.90909091,6.375,6,0,2,0,6.666666667,65,51,58,0.79,70,146.4,48,1.2,0,1.3,0.2,0.5,4.7,14.44444444,8.673009368
2016,40,199,1.51,61.15384615,117.1653543,71.63934426,47.67567568,17.64705882,22.23529412,0,0,0.625,0,7,70,47,58.5,0.18,71,145.9,40,0.3,0,0,0,0.9,0.6,14.72222222,8.947541638
2016,41,275,0.36,64.06593407,29.29133858,76.31147541,52.97297297,23.52941176,11.64705882,0,0,0.625,0,5.6,63,40,51.5,0.47,66,145.9,40,0.1,0,0,0,0,0.6,10.83333333,6.535020819
2016,42,318,0,26.20879121,104.9606299,82.54098361,43.7027027,20.58823529,13.76470588,0,0,1.5625,0,8.4,79,52,65.5,0.25,66,145.9,40,0.1,0,0,0.2,0,0,18.61111111,10.50818132
2016,43,271,0,64.06593407,58.58267717,90.32786885,56.94594595,20.58823529,20.11764706,0,0,1.5625,0,5.6,50,37,43.5,1.02,59,145.9,40,0.1,0,0,0,0.5,0,6.388888889,4.392707679
2016,44,254,1.57,49.50549451,62,59.18032787,43.7027027,17.64705882,22.23529412,0,0,0.625,0,8.4,59,36,47.5,0.22,60,145.9,40,0.4,0,0,0,0,2.3,8.611111111,5.158284788
2016,45,298,0.67,56,81.5625,55.51401869,38.21176471,13.62162162,11.35135135,0,0,2.4,0,3.294117647,53,34,43.5,0.01,52,145.9,40,0.4,0,0,0,0.9,1.2,6.388888889,3.871538971
2016,46,350,1.14,66,67.5,57.19626168,43.67058824,18.16216216,6.486486486,0,0,2.4,0,8.235294118,61,31,46,0.77,68,145.9,40,0.5,0,0,0,0.5,2.3,7.777777778,5.540752406
2016,47,328,1.83,70,45,18.5046729,9.552941176,12.10810811,15.40540541,0,0,1.6,0,6.588235294,43,32,37.5,0.61,59,145.9,40,0.3,0,0,0.2,0,1.2,3.055555556,3.522455071
2016,48,390,1.28,48,30.9375,48.78504673,24.56470588,12.10810811,26.75675676,0,0,1.6,0,9.882352941,51,32,41.5,1.56,50,145.9,40,0.5,1.9,0,0,0,2.3,5.277777778,3.460844593
2016,49,341,0.29,75.94771242,9,37.5,14.0625,12.76595745,13.25581395,17.73333333,0,1.2,49,6.857142857,43,29,36,0.25,62,145.9,40,0.6,0,0,0,1.4,1.7,2.222222222,3.499408841
2016,50,391,3.32,84.62745098,9,25.5,14.0625,12.76595745,20.3255814,14,0,2.4,49,10.28571429,35,22,28.5,1.24,53,145.9,40,0.7,0,0,0.2,0.5,2.9,-1.944444444,2.245570045
2016,51,433,10.85,93.30718954,17.28,27,18.75,15.31914894,22.09302326,38.26666667,0,8.4,49,13.71428571,42,25,33.5,0.61,54.5,145.9,40,1.4,0,0,0.5,1.8,4.6,0.833333333,2.798774937
2016,52,653,17.3,78.11764706,18.72,30,13.125,19.14893617,20.3255814,14,0,12,49,17.14285714,43,27,35,0.57,60,145.9,40,2.5,1.9,0,0,2.7,11,1.666666667,3.261362535
2017,1,602,13.46,50,6,29.85074627,27,25.29761905,33.07926829,8,0,6.923076923,0,16.41791045,36,24,30,0.92,71,145.9,40,3.3,0,1.3,0.5,3.2,13.3,-1.111111111,3.188395713
2017,2,616,13.15,90,10.58823529,27.98507463,42.47191011,22.32142857,31.18902439,13.55932203,0,16.61538462,0,19.40298507,42,21,31.5,0.55,68,145.9,40,4.5,0,0.6,0.5,5.9,17.3,-0.277777778,3.23524923
2017,3,637,20.09,122,6,27.98507463,42.47191011,26.78571429,24.57317073,13.55932203,0,22.15384615,0,17.91044776,41,32,36.5,0.34,70,145.9,40,8,3.9,1.3,2.1,8.6,28.9,2.5,4.025780528
2017,4,693,19.77,80,6,14.92537313,40.95505618,22.32142857,32.13414634,12.88135593,0,24.92307692,0,20.89552239,42,33,37.5,1.32,63,145.9,40,7.5,1.9,1.3,1.4,9.9,26.6,3.055555556,3.761265584
2017,5,721,23.44,48,19.41176471,24.25373134,9.101123596,28.27380952,34.02439024,8,0,19.38461538,0,25.37313433,35,20,27.5,0.16,51,145.9,40,8.9,11.6,0.6,4.5,5.4,30.6,-2.5,2.078159713
2017,6,711,27.85,78.73684211,8.537313433,26,14.72727273,32.25806452,48.61313869,29.74358974,55,41.07042254,0,33.33333333,36,25,30.5,0.49,75,145.9,40,9.7,11.6,1.3,3.1,8.1,34.6,-0.833333333,3.433653683
2017,7,704,21.88,42.94736842,17.07462687,14,9.818181818,24.19354839,42.13138686,28.25641026,55,25.85915493,0,21.56862745,38,22,30,0.41,53,145.9,40,10.6,7.8,1.3,2.6,10.4,39.2,-1.111111111,2.380070039
2017,8,635,22.68,42.94736842,17.85074627,8,24.54545455,24.19354839,36.72992701,58,55,27.38028169,0,27.45098039,61,34,47.5,0.48,65,145.9,40,10.6,1.9,0.6,2.4,12.2,39.8,8.611111111,5.588141853
2017,9,617,17.02,39.36842105,8.537313433,8,22.90909091,19.35483871,20.52554745,29,55,13.69014085,0,17.64705882,53,28,40.5,0.08,36.5,145.9,40,5.4,0,0,1.4,3.2,24.2,4.722222222,2.435349667
2017,10,586,14.85,60.98876404,36,11.2,10.28571429,16.77419355,16.2247191,17.05960265,0,14.14285714,46,9.935483871,45,21,33,0.3,40,145.9,40,4.3,1.9,0,0.9,3.6,17.9,0.555555556,2.01542878
2017,11,558,13.62,63.64044944,9,7.466666667,9,11.74193548,18.78651685,17.66887417,0,12.57142857,184,14.19354839,35,19,27,1.05,50,145.9,40,4.2,0,1.3,1.4,6.3,12.1,-2.777777778,1.997917602
2017,12,523,12.43,82.20224719,9,5.6,18,11.74193548,23.05617978,17.66887417,0,6.285714286,46,8.516129032,46,24,35,0.07,56,145.9,40,3.7,0,0,1.7,3.6,13.3,1.666666667,3.043938366
2017,13,491,15.48,29.16853933,9,3.733333333,7.714285714,11.74193548,17.93258427,39.60264901,0,11,46,11.35483871,42,34,38,2.13,82,145.9,40,2.5,0,0,0.7,2.7,9.8,3.333333333,4.987693618
2017,14,497,16.3,93.61445783,8.25,7.272727273,14.0625,13.63636364,14.28,27.5,0,5.833333333,0,8.181818182,52,38,45,2,79,145.9,40,5.6,3.9,1.3,1.7,5,20.2,7.222222222,6.209673664
2017,15,475,13.68,86.92771084,9,3.636363636,7.8125,10.90909091,30.24,11,0,5.833333333,0,6.818181818,68,38,53,0.06,50,145.9,40,3.3,0,0,0.7,4.5,12.1,11.66666667,5.216689381
2017,16,478,12.13,51.26506024,6,4,9.375,6.818181818,21,11,0,2.5,0,5.454545455,63,46,54.5,0.44,67,145.9,40,3.2,0,0,0.5,4.1,12.7,12.5,7.363244374
2017,17,418,9.57,69.09638554,6,7.272727273,9.375,6.818181818,22.68,11,0,1.666666667,0,5.454545455,68,49,58.5,0.79,68,145.9,40,1.5,0,0,0.9,1.4,4.6,14.72222222,8.569476498
2017,18,322,6.21,69.09638554,12.75,1.818181818,9.375,6.818181818,16.8,27.5,0,4.166666667,0,4.090909091,66,48,57,1.66,69,145.9,40,1.5,0,0,0.9,1.4,4.6,13.88888889,8.262746211
2017,19,371,1.62,60.2,11.47826087,2.666666667,5.4,6.4,17.73333333,20.98360656,0,2.222222222,0,5.454545455,58,43,50.5,0.84,59,145.9,40,1.5,0,0,0.9,1.4,4.6,10.27777778,5.640552247
2017,20,312,1.92,36.55,6,2.666666667,18,4.8,13.93333333,8,0,0.888888889,0,1.818181818,80,52,66,0.54,46,145.9,40,1.5,0,0,0.9,1.4,4.6,18.88888889,7.44518307
2017,21,300,0.33,55.9,6,2,6.3,6.4,16.46666667,11.01639344,0,0.888888889,0,5.454545455,70,52,61,0.99,73,145.9,40,1.5,0,0,0.9,1.4,4.6,16.11111111,10.00903397
2017,22,281,1.42,19.35,12.52173913,2.666666667,6.3,6.4,27.86666667,8,0,1,0,7.272727273,73,53,63,0.29,72.5,145.9,40,1.5,0,0,0.9,1.4,4.6,17.22222222,10.62714694
2017,23,220,1.36,33.28301887,0,2.666666667,7.741935484,5.333333333,8,6,56,1,0,3.6,74,50,62,0.92,77,145.9,40,1.5,0,0,0.9,1.4,4.6,16.66666667,10.91683306
2017,24,245,0,14.26415094,0,6.666666667,5.419354839,5.333333333,5.333333333,6,56,1,0,3.6,85,63,74,0.18,72,145.9,40,1.5,0,0,0.9,1.4,4.6,23.33333333,15.08373081
2017,25,218,0.92,14.26415094,0,3,5.419354839,2.666666667,8,6,224,2,0,1.2,85,68,76.5,0.86,67,145.9,40,1.5,0,0,0.9,1.4,4.6,24.72222222,15.18739962
2017,26,191,0.52,22.18867925,0,2.666666667,5.419354839,2.666666667,14.66666667,6,56,1,0,3.6,80,62,71,0.89,67,145.9,40,1.5,0,0,0.9,1.4,4.6,21.66666667,12.75508728
2017,27,167,0,18.50649351,7,3,6,2.307692308,3.571428571,6,0,2,0,1.875,86,65,75.5,0.93,62.5,145.9,40,1.5,0,0,0.9,1.4,4.6,24.16666667,13.72902573
2017,28,174,1.15,8.766233766,7,2.25,4,3.461538462,3.571428571,6,0,4,0,5.625,86,64,75,2.21,80,145.9,40,1.5,0,0,0.9,1.4,4.6,23.88888889,17.29829371
2017,29,150,0.67,8.766233766,7,5.25,7,2.307692308,3.571428571,6,0,2,0,1.875,89,70,79.5,0.01,62,145.9,40,1.5,0,0,0.9,1.4,4.6,26.38888889,15.43117235
2017,30,183,1.64,12.66233766,35,2.25,2.333333333,3.461538462,6.632653061,6,0,4,0,3.75,77,57,67,0.84,64,145.9,40,1.5,0,0,0.9,1.4,4.6,19.44444444,10.70332513
2017,31,164,1.22,26.2987013,7,5.25,4.666666667,3.461538462,7.653061224,6,0,2,0,1.875,86,66,76,1.46,71,145.9,40,1.5,0,0,0.9,1.4,4.6,24.44444444,15.84345207
2017,32,176,1.7,11.45454545,10,6.666666667,8.75,4.8,8,9,0,1,0,5.333333333,79,62,70.5,0.36,74,145.9,40,1.5,0,0,0.9,1.4,4.6,21.38888889,13.86308563
2017,33,196,0.51,22.90909091,13.68421053,8.333333333,13.75,6.4,10,9,0,1,0,3.555555556,83,66,74.5,0.14,69,145.9,40,1.5,0,0,0.9,1.4,4.6,23.61111111,14.68592291
2017,34,184,0.54,16.54545455,13.68421053,11.66666667,12.5,6.4,8,9,0,2,0,3.555555556,81,61,71,0.29,63,145.9,40,1.5,0,0,0.9,1.4,4.6,21.66666667,11.99358954
2017,35,180,0.56,33.09090909,12.63157895,13.33333333,25,6.4,18,36,0,2,0,3.555555556,76,54,65,0.13,69,145.9,40,1.5,0,0,0.9,1.4,4.6,18.33333333,10.80645292
2017,36,190,0.53,41.46341463,10.56,24.41237113,32.72727273,8.470588235,14.48275862,22.27160494,53,0.888888889,0,3.333333333,73,55,64,2.45,71,145.9,40,1.5,0,0,0.9,1.4,4.6,17.77777778,10.75836485
2017,37,242,1.24,39.02439024,25.52,32.04123711,24.87272727,9.882352941,14.48275862,11,53,0.888888889,0,5,83,53,68,0,67,145.9,40,1.5,0,0,0.9,1.4,4.6,20,11.57638226
2017,38,293,0.68,48.7804878,10.56,42.72164948,53.67272727,12.70588235,18.62068966,10.86419753,53,1.333333333,0,6.666666667,77,65,71,0,67,145.9,40,1.5,0,0,0.9,1.4,4.6,21.66666667,12.75508728
2017,39,270,0.74,70.73170732,41.36,48.82474227,32.72727273,16.94117647,12.4137931,10.86419753,212,0.888888889,0,5,87,59,73,0.03,60,145.9,40,1.5,0,0,0.9,1.4,4.6,22.77777778,12.17674848
2017,40,287,0.35,58.62831858,58.88,100.2640264,76.32692308,21.09589041,38.33333333,23.33333333,51,2.5,0,8.823529412,77,48,62.5,0,77,155.3,40,0.1,0,0,0,0,0.6,16.94444444,11.10046058
2017,41,317,0.63,46.90265487,43.52,88.94389439,63,22.60273973,17.31182796,14,51,2,0,7.352941176,74,56,65,0.62,72,155.3,40,0,0,0,0,0,0,18.33333333,11.2762987
2017,42,347,1.15,65.66371681,58.88,106.7326733,71.48076923,25.61643836,22.25806452,23.33333333,255,2.5,0,8.823529412,73,44,58.5,0,64.5,155.3,40,0.1,0,0,0.2,0,0,14.72222222,8.128400502
2017,43,372,0.81,18.76106195,87.04,118.0528053,52.09615385,22.60273973,27.20430108,23.33333333,51,2.5,0,11.76470588,70,46,58,4.37,82.5,155.3,40,0.1,0,0,0,0,0.6,14.44444444,10.22176104
2017,44,429,1.4,75.04424779,71.68,76.00660066,52.09615385,18.08219178,9.892473118,14,51,2.5,0,13.23529412,70,46,58,2.96,70,155.3,40,0.2,0,0,0,0,1.1,14.44444444,8.673009368
2017,45,400,1,74.86631016,34.28571429,75.23404255,19.86206897,18.48888889,14.90410959,5,0,3.2,0,13,52,32,42,0.19,67,155.3,40,0.2,0,0,0,0,1.1,5.555555556,4.723144545
2017,46,489,1.23,89.83957219,24.93506494,50.63829787,35.31034483,17.06666667,21.42465753,5,0,1.6,0,16.71428571,45,27,36,0.22,72,155.3,40,0.2,0,0,0.2,0,0.6,2.222222222,4.063829622
2017,47,436,1.61,102.6737968,35.84415584,28.93617021,13.24137931,11.37777778,14.90410959,5,0,3.2,0,13,51,33,42,0.54,53,155.3,40,0.4,0,0,0,0.5,1.7,5.555555556,3.736218819
2017,48,479,1.04,132.6203209,24.93506494,49.19148936,59.5862069,17.06666667,16.76712329,5,0,8,0,9.285714286,48,29,38.5,0.03,61.5,155.3,40,0.1,0,0,0,0,0.6,3.611111111,3.81096324
2017,49,494,1.42,47.17314488,12.69230769,45.40909091,48.81889764,17.0625,30.21186441,8.181818182,0,3.333333333,0,12.67605634,46,29,37.5,1.04,72,155.3,40,0.9,0,0,0.2,0,4.5,3.055555556,4.298589239
2017,50,596,4.87,81.76678445,24.23076923,40.36363636,41.49606299,18.375,14.61864407,8,0,5.833333333,0,11.26760563,35,20,27.5,0.24,58,155.3,40,2.1,0,0,1,2.7,6.2,-2.5,2.363397321
2017,51,687,8.73,48.74558304,38.07692308,35.31818182,21.96850394,17.0625,16.56779661,8.636363636,0,5,0,16.90140845,37,27,32,0.6,56.5,155.3,40,2.6,1.9,0,0.7,2.7,9.6,0,2.740120473
2017,52,818,10.76,157.2438163,15,33.63636364,28.07086614,26.25,23.38983051,14.54545455,0,11.66666667,0,30.98591549,21,10,15.5,0.36,48,155.3,40,3.7,0,0.7,1,3.6,14.1,-9.166666667,1.206690115
2018,1,1266,13.19,110.0706714,15,30.27272727,14.64566929,26.25,30.21186441,8.636363636,0,14.16666667,0,28.16901408,21,0,10.5,0.29,47,155.3,40,8.5,1.9,0,0.7,5.9,39.4,-11.94444444,0.958047378
2018,2,1136,19.63,92.38216561,39.96475771,33.65695793,64.93251534,42.55591054,50.14285714,23.01369863,0,36.59090909,0,43.4245614,38.5,21.5,30,1.44,60,155.3,40,10.3,5.8,0.7,2.4,9.5,39.4,-1.111111111,2.694418913
2018,3,1265,22.53,122.343949,47.36563877,112.6213592,85.54601227,96.61341853,86.78571429,45.20547945,0,38.68181818,0,86.84912281,35,21,28,0.12,61,155.3,40,12.7,0,0,3.1,10.9,52.3,-2.222222222,2.534659426
2018,4,1624,26.29,112.3566879,148.0176211,129.4498382,103.0674847,105.8146965,96.42857143,29.5890411,0,96.18181818,0,106.0070175,41,23,32,0.72,52,155.3,40,16.5,1.9,2,3.1,13.6,68.6,0,2.521880789
2018,5,1597,26.36,64.91719745,100.6519824,124.2718447,82.45398773,115.0159744,90.64285714,82.19178082,0,104.5454545,0,127.7192982,37,21,29,0.61,54.5,155.3,40,13.5,7.8,0.7,1.2,15.9,52.3,-1.666666667,2.354443072
2018,6,1714,28.94,121,190.1714286,124.8794326,105.2380952,141.6666667,123.1746032,124.567474,0,130.8270677,50,132.173913,34,20,27,1.65,65,155.3,40,13.3,1.9,1.3,5,14.5,45,-2.777777778,2.597292883
2018,7,1814,29.49,66,117.0285714,96.68085106,102,120,107.9365079,125.9515571,0,133.8345865,50,128.6956522,45,28,36.5,1.36,68,155.3,40,12.2,0,2,2.9,13.1,45.6,2.5,3.910758227
2018,8,1559,25.53,99,40.22857143,44.31205674,46.95238095,83.33333333,100.3174603,38.75432526,0,82.70676692,50,93.91304348,55,33,44,0.7,82,155.3,40,10.5,3.9,1.3,2.6,7.2,42.8,6.666666667,6.216785924
2018,9,1251,19.9,110,36.57142857,18.12765957,17.80952381,55,68.57142857,110.7266436,0,52.63157895,50,45.2173913,53,37,45,2.13,56,155.3,40,7.2,3.9,0,1.9,7.7,26.4,7.222222222,4.40179399
2018,10,1051,14.08,23.46666667,14.50666667,11.63636364,5.6,28.33898305,37.64912281,24.48979592,188,30.8,0,30.29508197,40,31,35.5,0.66,60,155.3,40,4.8,0,0,1.9,6.8,14.6,1.944444444,3.323427365
2018,11,878,10.59,49.06666667,19.94666667,5.818181818,7.636363636,19.38983051,21.36842105,12.92517007,47,23.8,0,23.08196721,44,30,37,0.22,54,155.3,40,4.8,1.9,0,1,2.3,21.9,2.777777778,3.164287569
2018,12,744,11.16,46.93333333,19.04,7.272727273,8.654545455,19.38983051,26.45614035,24.48979592,47,12.6,0,17.31147541,42,27,34.5,0.02,39,155.3,40,3.4,3.9,1.3,1.9,3.6,8.4,1.388888889,2.080205288
2018,13,693,11.11,104.5333333,14.50666667,7.272727273,6.109090909,20.88135593,30.52631579,38.0952381,47,16.8,0,17.31147541,55,38,46.5,0.07,54,155.3,40,3.1,1.9,0.7,0.2,2.7,12.9,8.055555556,4.479566698
2018,14,662,11.63,56.89873418,28.57142857,4.411764706,14,18,26.47826087,54.375,0,17.64705882,0,13.71428571,46,30,38,0.97,69,155.3,40,3.8,1.9,0,1.2,5,12.4,3.333333333,4.196961703
2018,15,664,12.5,84.36708861,31.42857143,4.411764706,6,18,22.82608696,45.91666667,0,15.88235294,0,15.42857143,53,29,41,0.12,60.5,155.3,40,2.5,1.9,0,0.7,1.8,10.1,5,4.111542952
2018,16,567,10.05,66.70886076,12,10.29411765,17,13.5,27.39130435,22.95833333,0,10.58823529,0,12,52,33,42.5,2.88,64,155.3,40,1.5,0,0,0.5,1.4,5.6,5.833333333,4.594756634
2018,17,535,6.54,64.74683544,12,1.470588235,11,15,18.26086957,29,0,7.058823529,0,10.28571429,66,44,55,1.5,62.5,155.3,40,2.5,1.9,0,1,2.3,9,12.77777778,6.988177803
2018,18,447,2.91,37.27848101,12,4.411764706,17,10.5,10.04347826,21.75,0,8.823529412,0,8.571428571,76,50,63,0.31,53,155.3,40,2.5,1.9,0,1,2.3,9,17.22222222,7.768810865
2018,19,336,1.79,37.56521739,15.75,4.363636364,5.6,7,12.69767442,16.71428571,0,1.333333333,0,8.615384615,70,49,59.5,0.17,73,155.3,40,2.5,1.9,0,1,2.3,9,15.27777778,9.516263728
2018,20,364,1.1,18.7826087,6,2.909090909,5.6,7,20.55813953,13,0,1.333333333,0,4.307692308,68,50,59,1.38,82,155.3,40,2.5,1.9,0,1,2.3,9,15,10.51033338
2018,21,297,1.68,48.83478261,8.25,4.363636364,11.2,7,6.046511628,35.28571429,0,5.333333333,0,8.615384615,83,54,68.5,0.15,71,155.3,40,2.5,1.9,0,1,2.3,9,20.27777778,12.46846468
2018,22,284,1.06,38.8173913,6,4.363636364,5.6,7,12.69767442,13,0,2,0,6.461538462,80,60,70,0.43,72,155.3,40,2.5,1.9,0,1,2.3,9,21.11111111,13.27287815
2018,23,254,0.39,50.48780488,21.33333333,3,4,4.615384615,14.27586207,10.30508475,0,0,0,5.818181818,72,52,62,0.48,71,155.3,40,2.5,1.9,0,1,2.3,9,16.66666667,10.06617074
2018,24,258,0.39,32.92682927,9,6,5.333333333,7.692307692,8.068965517,8,0,0,0,2.909090909,74,56,65,0.02,60,155.3,40,2.5,1.9,0,1,2.3,9,18.33333333,9.396915587
2018,25,247,0,35.12195122,14.66666667,3,5.333333333,3.076923077,7.448275862,8,0,0,0,2.909090909,85,59,72,0.01,62,155.3,40,2.5,1.9,0,1,2.3,9,22.22222222,12.18753902
2018,26,227,0.88,61.46341463,9,6,5.333333333,4.615384615,6.206896552,21.69491525,0,0,0,4.363636364,80,62,71,2.29,72,155.3,40,2.5,1.9,0,1,2.3,9,21.66666667,13.70695947
2018,27,179,0,36.81818182,19.56521739,2.307692308,5.454545455,4.6875,7.692307692,5,0,2.5,0,2,93,73,83,1.12,72,155.3,40,2.5,1.9,0,1,2.3,9,28.33333333,19.95514996
2018,28,178,0,26.7768595,37.5,2,5.454545455,4.6875,3.846153846,8.474576271,0,1,0,1,85,63,74,0.07,60,155.3,40,2.5,1.9,0,1,2.3,9,23.33333333,12.56977568
2018,29,188,0,17.85123967,15,1.538461538,6,4.6875,9.615384615,8.474576271,0,1.5,0,2,84,63,73.5,2.92,72,155.3,40,2.5,1.9,0,1,2.3,9,23.05555556,14.84629546
2018,30,194,0,26.7768595,17.93478261,4.615384615,10.90909091,6.25,19.23076923,8.050847458,0,1,0,3,84,72,78,3.09,78,155.3,40,2.5,1.9,0,1,2.3,9,25.55555556,18.52966051
2018,31,188,0,26.7768595,15,1.538461538,8.181818182,4.6875,9.615384615,5,0,1,0,2,85,68,76.5,2.26,80,155.3,40,2.5,1.9,0,1,2.3,9,24.72222222,18.1342085
2018,32,181,0,19.2,20.21052632,3.818181818,13.33333333,6.222222222,9.361702128,37.63934426,0,2.4,0,2.285714286,90,68,79,0.66,77,155.3,40,2.5,1.9,0,1,2.3,9,26.11111111,18.86980975
2018,33,175,0,38.4,57.26315789,6.363636364,13.33333333,6.222222222,9.361702128,14,0,1,0,2.285714286,85,69,77,1.49,80,155.3,40,2.5,1.9,0,1,2.3,9,25,18.42049052
2018,34,185,0,81.6,24,7.636363636,15,7.777777778,17.78723404,14,0,1.6,0,4.571428571,79,61,70,0.11,69,155.3,40,2.5,1.9,0,1,2.3,9,21.11111111,12.71984156
2018,35,160,0,28.8,18.52631579,10.18181818,33.33333333,7.777777778,7.489361702,18.36065574,0,1,0,6.857142857,88,68,78,0,64,155.3,40,2.5,1.9,0,1,2.3,9,25.55555556,15.20382401
2018,36,187,0,14.52054795,22,25.9030837,21.04265403,9.275362319,11.02040816,5,0,1,0,2.5,90,71,80.5,0.15,74,155.3,40,2.5,1.9,0,1,2.3,9,26.94444444,18.99577352
2018,37,217,0,54.45205479,22,26.98237885,12.27488152,10.43478261,19.28571429,12.16216216,0,1,0,7.5,73,63,68,2.85,87,155.3,40,2.5,1.9,0,1,2.3,9,20,15.03201876
2018,38,258,0,49.00684932,44,44.25110132,33.31753555,15.07246377,17.44897959,12.83783784,0,1,0,3.75,78,61,69.5,0.49,72,155.3,40,2.5,1.9,0,1,2.3,9,20.83333333,13.06033617
2018,39,352,1.14,63.52739726,88,58.28193833,41.20853081,22.02898551,21.12244898,5,0,2,0,10,63,50,56.5,3.74,81,155.3,40,2.5,1.9,0,1,2.3,9,13.61111111,9.5353664
2018,40,766,0.52,83.49315068,64,89.5814978,77.1563981,23.1884058,21.12244898,5,0,2,0,6.25,70,54,62,1.86,77.5,155.3,40,2.5,1.9,0,1,2.3,9,16.66666667,10.98772158